START TRANSACTION;
INSERT INTO "django_migrations" ("id","app","name","applied") VALUES (1,'contenttypes','0001_initial','2022-12-01 17:33:23.009492'),
 (2,'auth','0001_initial','2022-12-01 17:33:23.027163'),
 (3,'admin','0001_initial','2022-12-01 17:33:23.037246'),
 (4,'admin','0002_logentry_remove_auto_add','2022-12-01 17:33:23.052974'),
 (5,'admin','0003_logentry_add_action_flag_choices','2022-12-01 17:33:23.060605'),
 (6,'contenttypes','0002_remove_content_type_name','2022-12-01 17:33:23.079665'),
 (7,'auth','0002_alter_permission_name_max_length','2022-12-01 17:33:23.090494'),
 (8,'auth','0003_alter_user_email_max_length','2022-12-01 17:33:23.101095'),
 (9,'auth','0004_alter_user_username_opts','2022-12-01 17:33:23.108594'),
 (10,'auth','0005_alter_user_last_login_null','2022-12-01 17:33:23.120411'),
 (11,'auth','0006_require_contenttypes_0002','2022-12-01 17:33:23.122015'),
 (12,'auth','0007_alter_validators_add_error_messages','2022-12-01 17:33:23.131106'),
 (13,'auth','0008_alter_user_username_max_length','2022-12-01 17:33:23.141611'),
 (14,'auth','0009_alter_user_last_name_max_length','2022-12-01 17:33:23.152365'),
 (15,'auth','0010_alter_group_name_max_length','2022-12-01 17:33:23.162804'),
 (16,'auth','0011_update_proxy_permissions','2022-12-01 17:33:23.170750'),
 (17,'auth','0012_alter_user_first_name_max_length','2022-12-01 17:33:23.181704'),
 (18,'blog','0001_initial','2022-12-01 17:33:23.191365'),
 (19,'sessions','0001_initial','2022-12-01 17:33:23.196455'),
 (20,'wtf','0001_initial','2022-12-01 17:33:23.227282'),
 (21,'wtf','0002_meeting_dayasint','2022-12-06 14:25:13.095094'),
 (22,'wtf','0003_remove_meeting_day','2022-12-06 15:29:09.713153'),
 (23,'wtf','0004_rename_dayasint_meeting_day','2022-12-06 15:34:14.095306'),
 (24,'wtf','0005_town_latitude_town_longtitude','2022-12-26 12:32:07.177724');
INSERT INTO "django_admin_log" ("id","object_id","object_repr","action_flag","change_message","content_type_id","user_id","action_time") VALUES (1,'1','Eastern',1,'[{"added": {}}]',9,1,'2022-12-01 17:59:18.470542'),
 (2,'1','Fenland',1,'[{"added": {}}]',13,1,'2022-12-01 17:59:52.406045'),
 (3,'2','South Anglia',1,'[{"added": {}}]',13,1,'2022-12-01 18:00:08.758504'),
 (4,'3','North Anglia',1,'[{"added": {}}]',13,1,'2022-12-01 18:00:22.546713'),
 (5,'1','Beck Row Living Sober A Day At A Time',3,'',8,1,'2022-12-01 18:09:40.787383'),
 (6,'48','Cambridge Primary Purpose Online',3,'',11,1,'2022-12-01 18:47:16.570098'),
 (7,'47','Cambridge Morning Big Book Study Online',3,'',11,1,'2022-12-01 18:47:16.573280'),
 (8,'46','Cambridge Freethinkers Online',3,'',11,1,'2022-12-01 18:47:16.575774'),
 (9,'42','St Neots Eaton Socon Physical and Online',3,'',11,1,'2022-12-01 18:47:16.577940'),
 (10,'1721','null town',2,'[{"changed": {"fields": ["County"]}}]',10,1,'2022-12-02 20:29:14.230641'),
 (11,'1721','Wisbech',2,'[{"changed": {"fields": ["Name"]}}]',10,1,'2022-12-02 20:29:52.145888'),
 (12,'45','Wisbech Share',2,'[{"changed": {"fields": ["Address2", "Postcode"]}}]',11,1,'2022-12-02 20:29:57.876928'),
 (13,'1721','Whittlesey',2,'[{"changed": {"fields": ["Name"]}}]',10,1,'2022-12-02 20:30:15.294634'),
 (14,'44','Whittlesey As Bill Sees It',2,'[{"changed": {"fields": ["Address2", "Postcode"]}}]',11,1,'2022-12-02 20:30:22.521231'),
 (15,'1721','St Neots',2,'[{"changed": {"fields": ["Name"]}}]',10,1,'2022-12-02 20:30:46.153605'),
 (16,'43','St Neots Primary Purpose',2,'[{"changed": {"fields": ["Address2", "Address3", "Postcode"]}}]',11,1,'2022-12-02 20:30:51.031608'),
 (17,'41','St Neots Eaton Socon Big Book Study',2,'[{"changed": {"fields": ["Address2", "Postcode"]}}]',11,1,'2022-12-02 20:31:01.387927'),
 (18,'40','St Neots Beginners',2,'[{"changed": {"fields": ["Address2", "Address3", "Postcode"]}}]',11,1,'2022-12-02 20:31:09.350315'),
 (19,'1721','St Ives',2,'[{"changed": {"fields": ["Name"]}}]',10,1,'2022-12-02 20:31:24.911088'),
 (20,'39','St Ives Recovery',2,'[{"changed": {"fields": ["Address2", "Postcode"]}}]',11,1,'2022-12-02 20:31:28.061886'),
 (21,'38','St Ives Daily Reflections',2,'[{"changed": {"fields": ["Address2", "Postcode"]}}]',11,1,'2022-12-02 20:31:38.765541'),
 (22,'1721','Prtsgdgd',2,'[{"changed": {"fields": ["Name"]}}]',10,1,'2022-12-02 20:32:10.232718'),
 (23,'1721','Peterborough',2,'[{"changed": {"fields": ["Name"]}}]',10,1,'2022-12-02 20:32:34.851734'),
 (24,'37','Peterborough Share',2,'[{"changed": {"fields": ["Address2", "Postcode"]}}]',11,1,'2022-12-02 20:32:54.116375'),
 (25,'36','Peterborough Orton',2,'[{"changed": {"fields": ["Address2", "Address3", "Postcode"]}}]',11,1,'2022-12-02 20:33:01.784264'),
 (26,'35','Peterborough Mustard Seed Open Beginners',2,'[{"changed": {"fields": ["Address2", "Postcode"]}}]',11,1,'2022-12-02 20:33:10.232249'),
 (27,'34','Peterborough Main Share',2,'[{"changed": {"fields": ["Address2", "Address3", "Postcode"]}}]',11,1,'2022-12-02 20:33:17.115127'),
 (28,'33','Peterborough Lunchtime Step & Tradition',2,'[{"changed": {"fields": ["Address2", "Address3", "Postcode"]}}]',11,1,'2022-12-02 20:33:22.909197'),
 (29,'33','Peterborough Lunchtime Step & Tradition',2,'[]',11,1,'2022-12-02 20:33:28.892443'),
 (30,'32','Peterborough Eastfield',2,'[{"changed": {"fields": ["Address2", "Postcode"]}}]',11,1,'2022-12-02 20:33:36.548048'),
 (31,'31','Peterborough Daily Reflections',2,'[{"changed": {"fields": ["Address2", "Postcode"]}}]',11,1,'2022-12-02 20:33:42.346852'),
 (32,'30','Peterborough Daily Reflections',2,'[{"changed": {"fields": ["Address2", "Address3", "Postcode"]}}]',11,1,'2022-12-02 20:33:49.407457'),
 (33,'29','Peterborough Big Book Study',2,'[{"changed": {"fields": ["Address2", "Postcode"]}}]',11,1,'2022-12-02 20:33:55.998518'),
 (34,'28','Peterborough As Bill Sees It',2,'[{"changed": {"fields": ["Address2", "Postcode"]}}]',11,1,'2022-12-02 20:34:02.663391'),
 (35,'34','Peterborough Main Share',2,'[]',11,1,'2022-12-02 20:34:10.946516'),
 (36,'1721','Newmarket',2,'[{"changed": {"fields": ["Name", "County"]}}]',10,1,'2022-12-02 20:34:54.584701'),
 (37,'27','Newmarket Steps & Traditions',2,'[{"changed": {"fields": ["Address2", "Address3", "Postcode"]}}]',11,1,'2022-12-02 20:35:00.559319'),
 (38,'26','Newmarket Lunchtime As Bill Sees It',2,'[{"changed": {"fields": ["Address2", "Address3", "Postcode"]}}]',11,1,'2022-12-02 20:35:09.857920'),
 (39,'24','Newmarket As Bill Sees It',2,'[{"changed": {"fields": ["Address2", "Postcode"]}}]',11,1,'2022-12-02 20:35:20.415578'),
 (40,'1721','Cambridge',2,'[{"changed": {"fields": ["Name"]}}]',10,1,'2022-12-02 20:35:37.862244'),
 (41,'23','Milton Free to Talk',2,'[{"changed": {"fields": ["Address2", "Postcode"]}}]',11,1,'2022-12-02 20:36:00.392676'),
 (42,'1721','March',2,'[{"changed": {"fields": ["Name"]}}]',10,1,'2022-12-02 20:36:17.939568'),
 (43,'22','March Steps & Traditions',2,'[{"changed": {"fields": ["Address2", "Postcode"]}}]',11,1,'2022-12-02 20:36:21.165724'),
 (44,'1721','Godmanchester',2,'[{"changed": {"fields": ["Name"]}}]',10,1,'2022-12-02 20:36:39.736774'),
 (45,'21','Huntingdon Godmanchester Living Sober',2,'[{"changed": {"fields": ["Address2", "Address3", "Postcode"]}}]',11,1,'2022-12-02 20:36:41.839723'),
 (46,'1721','Brampton',2,'[{"changed": {"fields": ["Name"]}}]',10,1,'2022-12-02 20:37:04.562817'),
 (47,'20','Huntingdon Brampton Recovery',2,'[{"changed": {"fields": ["Address2", "Address3", "Postcode"]}}]',11,1,'2022-12-02 20:37:06.493692'),
 (48,'1721','Haverhill',2,'[{"changed": {"fields": ["Name"]}}]',10,1,'2022-12-02 20:37:28.734070'),
 (49,'19','Haverhill Daily Reflections',2,'[{"changed": {"fields": ["Postcode"]}}]',11,1,'2022-12-02 20:37:32.104082'),
 (50,'1721','Ely',2,'[{"changed": {"fields": ["Name", "County"]}}]',10,1,'2022-12-02 20:41:12.958645'),
 (51,'18','Ely Steps & Traditions',2,'[{"changed": {"fields": ["Address2", "Postcode"]}}]',11,1,'2022-12-02 20:41:16.328136'),
 (52,'17','Ely Discussion',2,'[{"changed": {"fields": ["Address2", "Postcode"]}}]',11,1,'2022-12-02 20:41:27.009345'),
 (53,'1721','Cambridge',2,'[{"changed": {"fields": ["Name"]}}]',10,1,'2022-12-02 20:41:41.237056'),
 (54,'16','Cambridge Young People',2,'[{"changed": {"fields": ["Address2", "Postcode"]}}]',11,1,'2022-12-02 20:41:44.107193'),
 (55,'15','Cambridge Women',2,'[{"changed": {"fields": ["Address2", "Address3", "Postcode"]}}]',11,1,'2022-12-02 20:41:52.302330'),
 (56,'14','Cambridge Unitarian Beginners',2,'[{"changed": {"fields": ["Address2", "Postcode"]}}]',11,1,'2022-12-02 20:41:58.579287'),
 (57,'13','Cambridge Step & Traditions',2,'[{"changed": {"fields": ["Address2", "Postcode"]}}]',11,1,'2022-12-02 20:42:12.191671'),
 (58,'12','Cambridge Road to Recovery',2,'[{"changed": {"fields": ["Address2", "Postcode"]}}]',11,1,'2022-12-02 20:42:24.998590'),
 (59,'11','Cambridge Primary Purpose Meditation',2,'[{"changed": {"fields": ["Address2", "Postcode"]}}]',11,1,'2022-12-02 20:42:33.861699'),
 (60,'11','Cambridge Primary Purpose Meditation',2,'[]',11,1,'2022-12-02 20:42:46.489165'),
 (61,'10','Cambridge Primary Purpose',2,'[{"changed": {"fields": ["Address2", "Postcode"]}}]',11,1,'2022-12-02 20:42:58.203548'),
 (62,'9','Cambridge Mens',2,'[{"changed": {"fields": ["Address2", "Postcode"]}}]',11,1,'2022-12-02 20:43:05.356633'),
 (63,'8','Cambridge Lunchtime',2,'[{"changed": {"fields": ["Address2", "Postcode"]}}]',11,1,'2022-12-02 20:43:18.061006'),
 (64,'7','Cambridge Lunchtime',2,'[{"changed": {"fields": ["Address2", "Postcode"]}}]',11,1,'2022-12-02 20:43:26.529111'),
 (65,'6','Cambridge Lunchtime',2,'[{"changed": {"fields": ["Address2", "Postcode"]}}]',11,1,'2022-12-02 20:43:34.381328'),
 (66,'5','Cambridge Lunchtime',2,'[{"changed": {"fields": ["Address2", "Postcode"]}}]',11,1,'2022-12-02 20:43:41.545394'),
 (67,'4','Cambridge Cheddars Lane',2,'[{"changed": {"fields": ["Address2", "Postcode"]}}]',11,1,'2022-12-02 20:43:50.701059'),
 (68,'3','Addenbrookes',2,'[{"changed": {"fields": ["Name", "Address2", "Address3", "Postcode"]}}]',11,1,'2022-12-02 20:44:08.329380'),
 (69,'2','Cambridge',2,'[{"changed": {"fields": ["Address2", "Address3", "Postcode"]}}]',11,1,'2022-12-02 20:44:23.577317'),
 (70,'1721','Beck Row',2,'[{"changed": {"fields": ["Name", "County"]}}]',10,1,'2022-12-02 20:46:52.805011'),
 (71,'1','Beck Row Living Sober A Day At A Time',2,'[{"changed": {"fields": ["Address2", "Address3", "Postcode"]}}]',11,1,'2022-12-02 20:46:55.540965'),
 (72,'1721','Cambridge',2,'[{"changed": {"fields": ["Name", "County"]}}]',10,1,'2022-12-02 20:50:26.812551'),
 (73,'2','Cambridge',2,'[]',11,1,'2022-12-02 20:50:30.318960'),
 (74,'44','Whittlesey As Bill Sees It',2,'[{"changed": {"fields": ["Town"]}}]',11,1,'2022-12-02 20:52:21.955361'),
 (75,'45','Wisbech Share',2,'[{"changed": {"fields": ["Town"]}}]',11,1,'2022-12-02 20:52:37.647887'),
 (76,'43','St Neots Primary Purpose',2,'[{"changed": {"fields": ["Town"]}}]',11,1,'2022-12-02 20:52:52.904594'),
 (77,'41','St Neots Eaton Socon Big Book Study',2,'[{"changed": {"fields": ["Town"]}}]',11,1,'2022-12-02 20:53:05.859407'),
 (78,'39','St Ives Recovery',2,'[{"changed": {"fields": ["Town"]}}]',11,1,'2022-12-02 20:53:20.516830'),
 (79,'38','St Ives Daily Reflections',2,'[{"changed": {"fields": ["Town"]}}]',11,1,'2022-12-02 20:53:32.426490'),
 (80,'37','Peterborough Share',2,'[{"changed": {"fields": ["Town"]}}]',11,1,'2022-12-02 20:53:47.107180'),
 (81,'36','Peterborough Orton',2,'[{"changed": {"fields": ["Town"]}}]',11,1,'2022-12-02 20:53:58.738713'),
 (82,'35','Peterborough Mustard Seed Open Beginners',2,'[{"changed": {"fields": ["Town"]}}]',11,1,'2022-12-02 20:54:09.825726'),
 (83,'34','Peterborough Main Share',2,'[{"changed": {"fields": ["Town"]}}]',11,1,'2022-12-02 20:54:20.473516'),
 (84,'35','Peterborough Mustard Seed Open Beginners',2,'[]',11,1,'2022-12-02 20:54:25.810146'),
 (85,'34','Peterborough Main Share',2,'[]',11,1,'2022-12-02 20:58:38.178315'),
 (86,'33','Peterborough Lunchtime Step & Tradition',2,'[{"changed": {"fields": ["Town"]}}]',11,1,'2022-12-02 20:58:48.223986'),
 (87,'33','Peterborough Lunchtime Step & Tradition',2,'[]',11,1,'2022-12-02 20:59:05.074602'),
 (88,'32','Peterborough Eastfield',2,'[{"changed": {"fields": ["Town"]}}]',11,1,'2022-12-02 20:59:12.796008'),
 (89,'31','Peterborough Daily Reflections',2,'[{"changed": {"fields": ["Town"]}}]',11,1,'2022-12-02 20:59:21.719929'),
 (90,'30','Peterborough Daily Reflections',2,'[{"changed": {"fields": ["Town"]}}]',11,1,'2022-12-02 20:59:34.096468'),
 (91,'29','Peterborough Big Book Study',2,'[{"changed": {"fields": ["Town"]}}]',11,1,'2022-12-02 20:59:43.811533'),
 (92,'28','Peterborough As Bill Sees It',2,'[{"changed": {"fields": ["Town"]}}]',11,1,'2022-12-02 20:59:58.916467'),
 (93,'23','Milton Free to Talk',2,'[]',11,1,'2022-12-02 21:01:40.653593'),
 (94,'22','March Steps & Traditions',2,'[{"changed": {"fields": ["Town"]}}]',11,1,'2022-12-02 21:01:52.827409'),
 (95,'21','Huntingdon Godmanchester Living Sober',2,'[{"changed": {"fields": ["Town"]}}]',11,1,'2022-12-02 21:02:07.466801'),
 (96,'20','Huntingdon Brampton Recovery',2,'[{"changed": {"fields": ["Town"]}}]',11,1,'2022-12-02 21:02:25.083980'),
 (97,'19','Haverhill Daily Reflections',2,'[]',11,1,'2022-12-02 21:02:40.019068'),
 (98,'18','Ely Steps & Traditions',2,'[{"changed": {"fields": ["Town"]}}]',11,1,'2022-12-02 21:02:55.567116'),
 (99,'17','Ely Discussion',2,'[{"changed": {"fields": ["Town"]}}]',11,1,'2022-12-02 21:03:07.275480'),
 (100,'4','Addenbrookes',2,'[{"changed": {"fields": ["Name"]}}]',8,1,'2022-12-02 23:37:58.128312'),
 (101,'91','Bury St Edmunds Daily Reflections Online',3,'',11,1,'2022-12-04 17:52:02.616458'),
 (102,'90','Woodbridge Morning Step & Meditation',2,'[{"changed": {"fields": ["Town", "Address2", "Postcode"]}}]',11,1,'2022-12-04 17:52:16.869061'),
 (103,'89','Woodbridge Meditation',2,'[{"changed": {"fields": ["Town", "Address2", "Postcode"]}}]',11,1,'2022-12-04 17:52:26.563947'),
 (104,'90','Woodbridge Morning Step & Meditation',2,'[]',11,1,'2022-12-04 17:52:39.544569'),
 (105,'88','Woodbridge Just For Today',2,'[{"changed": {"fields": ["Town", "Address2", "Postcode"]}}]',11,1,'2022-12-04 17:52:50.198387'),
 (106,'87','Woodbridge Big Book',2,'[{"changed": {"fields": ["Town", "Address2", "Postcode"]}}]',11,1,'2022-12-04 17:53:23.340064'),
 (107,'86','Woodbridge',2,'[{"changed": {"fields": ["Town", "Address2", "Postcode"]}}]',11,1,'2022-12-04 17:53:32.720493'),
 (108,'85','Woodbridge',2,'[{"changed": {"fields": ["Town", "Address2", "Postcode"]}}]',11,1,'2022-12-04 17:53:47.151056'),
 (109,'84','Sudbury Morning Freedom',2,'[{"changed": {"fields": ["Town", "Address2", "Postcode"]}}]',11,1,'2022-12-04 17:53:56.802473'),
 (110,'83','Stowmarket Big Book',2,'[{"changed": {"fields": ["Town", "Address2", "Postcode"]}}]',11,1,'2022-12-04 17:54:07.595516'),
 (111,'82','Southwold',2,'[{"changed": {"fields": ["Town", "Address2", "Postcode"]}}]',11,1,'2022-12-04 17:54:17.969907'),
 (112,'81','Newmarket',2,'[{"changed": {"fields": ["Town", "Address2", "Postcode"]}}]',11,1,'2022-12-04 17:54:27.670238'),
 (113,'80','Leiston',2,'[{"changed": {"fields": ["Town", "Address2", "Postcode"]}}]',11,1,'2022-12-04 17:54:37.975049'),
 (114,'79','Ipswich One Step at a Time',2,'[{"changed": {"fields": ["Address2", "Postcode"]}}]',11,1,'2022-12-04 17:54:43.283712'),
 (115,'67','Harwich & Dovercourt',2,'[{"changed": {"fields": ["Address2", "Postcode"]}}]',11,1,'2022-12-04 17:54:55.239145'),
 (116,'67','Harwich & Dovercourt',2,'[]',11,1,'2022-12-04 18:01:24.501121'),
 (117,'66','Halesworth Back to Basics',2,'[{"changed": {"fields": ["Town", "Address2", "Postcode"]}}]',11,1,'2022-12-04 18:01:37.004920'),
 (118,'65','Hadleigh',2,'[{"changed": {"fields": ["Town", "Address2", "Address3", "Postcode"]}}]',11,1,'2022-12-04 18:01:49.268022'),
 (119,'64','Frinton-On-Sea',2,'[{"changed": {"fields": ["Address2", "Postcode"]}}]',11,1,'2022-12-04 18:02:21.409670'),
 (120,'61','Framlingham Two Thousand',2,'[{"changed": {"fields": ["Town", "Address2", "Postcode"]}}]',11,1,'2022-12-04 18:02:32.710583'),
 (121,'60','Felixstowe Step',2,'[{"changed": {"fields": ["Town", "Address2", "Postcode"]}}]',11,1,'2022-12-04 18:02:44.955422'),
 (122,'59','Felixstowe',2,'[{"changed": {"fields": ["Town", "Address2", "Postcode"]}}]',11,1,'2022-12-04 18:02:55.259883'),
 (123,'58','Felixstowe',2,'[{"changed": {"fields": ["Town", "Address2", "Postcode"]}}]',11,1,'2022-12-04 18:03:06.874984'),
 (124,'57','Felixstowe',2,'[{"changed": {"fields": ["Town", "Address2", "Postcode"]}}]',11,1,'2022-12-04 18:03:20.533530'),
 (125,'54','Bury St Edmunds We Are Not Saints',2,'[{"changed": {"fields": ["Town", "Address2", "Postcode"]}}]',11,1,'2022-12-04 18:03:46.871870'),
 (126,'53','Bury St Edmunds Step & Tradition',2,'[{"changed": {"fields": ["Town", "Address2", "Postcode"]}}]',11,1,'2022-12-04 18:03:56.995957'),
 (127,'52','Bury St Edmunds Share',2,'[{"changed": {"fields": ["Town", "Address2", "Postcode"]}}]',11,1,'2022-12-04 18:04:07.055733'),
 (128,'51','Bury St Edmunds Big Book',2,'[{"changed": {"fields": ["Town", "Address2", "Address3", "Postcode"]}}]',11,1,'2022-12-04 18:04:17.571867'),
 (129,'51','Bury St Edmunds Big Book',2,'[]',11,1,'2022-12-04 18:04:27.825813'),
 (130,'50','Bury St Edmunds As Bill Sees It',2,'[{"changed": {"fields": ["Town", "Address2", "Postcode"]}}]',11,1,'2022-12-04 18:04:41.538092'),
 (131,'49','Barton Mills Progress Not Perfection',2,'[{"changed": {"fields": ["Address2", "Postcode"]}}]',11,1,'2022-12-04 18:05:22.119797'),
 (132,'1','Ampthill',2,'[]',10,1,'2022-12-04 20:13:43.253114'),
 (133,'56','Clacton Afternoon',2,'[{"changed": {"fields": ["Address2", "Postcode"]}}]',11,1,'2022-12-04 20:18:08.948188'),
 (134,'64','Frinton-On-Sea',2,'[]',11,1,'2022-12-04 20:34:45.541396'),
 (135,'87','all',1,'[{"added": {}}]',7,1,'2022-12-24 13:57:58.420027'),
 (136,'1722','all',1,'[{"added": {}}]',10,1,'2022-12-24 13:58:26.636839'),
 (137,'1722','all',2,'[{"changed": {"fields": ["Description"]}}]',10,1,'2022-12-24 14:01:43.824471'),
 (138,'1721','Cambridge',2,'[{"changed": {"fields": ["Latitude", "Longtitude"]}}]',10,1,'2022-12-29 16:11:43.344480'),
 (139,'53','Cambridge',2,'[{"changed": {"fields": ["Latitude", "Longtitude"]}}]',10,1,'2022-12-29 16:12:33.315754'),
 (140,'40','St Neots Beginners',2,'[{"changed": {"fields": ["Town"]}}]',11,1,'2022-12-29 20:54:26.184181');
INSERT INTO "django_content_type" ("id","app_label","model") VALUES (1,'admin','logentry'),
 (2,'auth','permission'),
 (3,'auth','group'),
 (4,'auth','user'),
 (5,'contenttypes','contenttype'),
 (6,'sessions','session'),
 (7,'wtf','county'),
 (8,'wtf','group'),
 (9,'wtf','region'),
 (10,'wtf','town'),
 (11,'wtf','venue'),
 (12,'wtf','meeting'),
 (13,'wtf','ig'),
 (14,'blog','author'),
 (15,'blog','blog'),
 (16,'blog','entry');
INSERT INTO "auth_permission" ("id","content_type_id","codename","name") VALUES (1,1,'add_logentry','Can add log entry'),
 (2,1,'change_logentry','Can change log entry'),
 (3,1,'delete_logentry','Can delete log entry'),
 (4,1,'view_logentry','Can view log entry'),
 (5,2,'add_permission','Can add permission'),
 (6,2,'change_permission','Can change permission'),
 (7,2,'delete_permission','Can delete permission'),
 (8,2,'view_permission','Can view permission'),
 (9,3,'add_group','Can add group'),
 (10,3,'change_group','Can change group'),
 (11,3,'delete_group','Can delete group'),
 (12,3,'view_group','Can view group'),
 (13,4,'add_user','Can add user'),
 (14,4,'change_user','Can change user'),
 (15,4,'delete_user','Can delete user'),
 (16,4,'view_user','Can view user'),
 (17,5,'add_contenttype','Can add content type'),
 (18,5,'change_contenttype','Can change content type'),
 (19,5,'delete_contenttype','Can delete content type'),
 (20,5,'view_contenttype','Can view content type'),
 (21,6,'add_session','Can add session'),
 (22,6,'change_session','Can change session'),
 (23,6,'delete_session','Can delete session'),
 (24,6,'view_session','Can view session'),
 (25,7,'add_county','Can add county'),
 (26,7,'change_county','Can change county'),
 (27,7,'delete_county','Can delete county'),
 (28,7,'view_county','Can view county'),
 (29,8,'add_group','Can add group'),
 (30,8,'change_group','Can change group'),
 (31,8,'delete_group','Can delete group'),
 (32,8,'view_group','Can view group'),
 (33,9,'add_region','Can add region'),
 (34,9,'change_region','Can change region'),
 (35,9,'delete_region','Can delete region'),
 (36,9,'view_region','Can view region'),
 (37,10,'add_town','Can add town'),
 (38,10,'change_town','Can change town'),
 (39,10,'delete_town','Can delete town'),
 (40,10,'view_town','Can view town'),
 (41,11,'add_venue','Can add venue'),
 (42,11,'change_venue','Can change venue'),
 (43,11,'delete_venue','Can delete venue'),
 (44,11,'view_venue','Can view venue'),
 (45,12,'add_meeting','Can add meeting'),
 (46,12,'change_meeting','Can change meeting'),
 (47,12,'delete_meeting','Can delete meeting'),
 (48,12,'view_meeting','Can view meeting'),
 (49,13,'add_ig','Can add ig'),
 (50,13,'change_ig','Can change ig'),
 (51,13,'delete_ig','Can delete ig'),
 (52,13,'view_ig','Can view ig'),
 (53,14,'add_author','Can add author'),
 (54,14,'change_author','Can change author'),
 (55,14,'delete_author','Can delete author'),
 (56,14,'view_author','Can view author'),
 (57,15,'add_blog','Can add blog'),
 (58,15,'change_blog','Can change blog'),
 (59,15,'delete_blog','Can delete blog'),
 (60,15,'view_blog','Can view blog'),
 (61,16,'add_entry','Can add entry'),
 (62,16,'change_entry','Can change entry'),
 (63,16,'delete_entry','Can delete entry'),
 (64,16,'view_entry','Can view entry');
INSERT INTO "auth_user" ("id","password","last_login","is_superuser","username","last_name","email","is_staff","is_active","date_joined","first_name") VALUES (1,'pbkdf2_sha256$390000$02cllrxG8sVBx9cgveQhJK$45aMd7xSSD/rYXHgFXp+3Z4wrQUj5pbJiscmvhAoB9o=','2023-01-06 14:15:53.708890',1,'lea','','lea@jayls.com',1,1,'2022-12-01 17:58:27.714190','');
INSERT INTO "django_session" ("session_key","session_data","expire_date") VALUES ('kmijjw0lfypl7fyjq4vglf47honiwdpi','.eJxVjMEOwiAQRP-FsyGwIIJH7_0Gwu6CVA1NSnsy_rtt0oPeJvPezFvEtC41rj3PcWRxFVqcfjtM9MxtB_xI7T5Jmtoyjyh3RR60y2Hi_Lod7t9BTb1u64IBqIADzMkbjUZdQrDFWAhkrCfm7AjBFguk2Wd2Z09uiyooAkDx-QLv0zgv:1p0npv:EMogEhS7RBxKMkN_nZkMIFpkfZIg4C9b0WPAukcOrPQ','2022-12-15 17:59:03.624620'),
 ('q93vxczsrkvr6soc9tvm6jjeus5s246l','.eJxVjMEOwiAQRP-FsyGwIIJH7_0Gwu6CVA1NSnsy_rtt0oPeJvPezFvEtC41rj3PcWRxFVqcfjtM9MxtB_xI7T5Jmtoyjyh3RR60y2Hi_Lod7t9BTb1u64IBqIADzMkbjUZdQrDFWAhkrCfm7AjBFguk2Wd2Z09uiyooAkDx-QLv0zgv:1p3LCL:7vnWi5J_WA4GkL7FcAhZ0lI8EDcED6Z7n_qRT0uEdXg','2022-12-22 18:00:41.554005'),
 ('nspxkxdeovio792n89nxzk1ujpv9p41i','.eJxVjMEOwiAQRP-FsyGwIIJH7_0Gwu6CVA1NSnsy_rtt0oPeJvPezFvEtC41rj3PcWRxFVqcfjtM9MxtB_xI7T5Jmtoyjyh3RR60y2Hi_Lod7t9BTb1u64IBqIADzMkbjUZdQrDFWAhkrCfm7AjBFguk2Wd2Z09uiyooAkDx-QLv0zgv:1p4leg:sycTluESRZGDUW6SdYnWZBW6wdwSi9um0gENwGW_o84','2022-12-26 16:27:50.013195'),
 ('dp558o3ua6vnuzvucrf0y01nmvnnzz16','.eJxVjMEOwiAQRP-FsyGwIIJH7_0Gwu6CVA1NSnsy_rtt0oPeJvPezFvEtC41rj3PcWRxFVqcfjtM9MxtB_xI7T5Jmtoyjyh3RR60y2Hi_Lod7t9BTb1u64IBqIADzMkbjUZdQrDFWAhkrCfm7AjBFguk2Wd2Z09uiyooAkDx-QLv0zgv:1pAvUV:4W8pa0YcuE6it6Wy1ybrhKmLrK3FFANEWBwX_zSEDr0','2023-01-12 16:10:47.540115'),
 ('yvd4llv2qqgfgy27pmno8mxphp1trbvx','.eJxVjMEOwiAQRP-FsyGwIIJH7_0Gwu6CVA1NSnsy_rtt0oPeJvPezFvEtC41rj3PcWRxFVqcfjtM9MxtB_xI7T5Jmtoyjyh3RR60y2Hi_Lod7t9BTb1u64IBqIADzMkbjUZdQrDFWAhkrCfm7AjBFguk2Wd2Z09uiyooAkDx-QLv0zgv:1pDnVh:ndwBj2pu2QE1FZvR6ydCHsGjULyn9NoJSKGGSv2mH3g','2023-01-20 14:15:53.715830');
INSERT INTO "wtf_county" ("id","name","country") VALUES (1,'Bedfordshire','England'),
 (2,'Berkshire','England'),
 (3,'Bristol','England'),
 (4,'Buckinghamshire','England'),
 (5,'Cambridgeshire','England'),
 (6,'Cheshire','England'),
 (7,'Cornwall','England'),
 (8,'County Durham','England'),
 (9,'Cumbria','England'),
 (10,'Derbyshire','England'),
 (11,'Devon','England'),
 (12,'Dorset','England'),
 (13,'East Riding of Yorkshire','England'),
 (14,'East Sussex','England'),
 (15,'Essex','England'),
 (16,'Gloucestershire','England'),
 (17,'Greater London','England'),
 (18,'Greater Manchester','England'),
 (19,'Hampshire','England'),
 (20,'Herefordshire','England'),
 (21,'Hertfordshire','England'),
 (22,'Isle of Wight','England'),
 (23,'Kent','England'),
 (24,'Lancashire','England'),
 (25,'Leicestershire','England'),
 (26,'Lincolnshire','England'),
 (27,'Merseyside','England'),
 (28,'Norfolk','England'),
 (29,'North Yorkshire','England'),
 (30,'Northamptonshire','England'),
 (31,'Northumberland','England'),
 (32,'Nottinghamshire','England'),
 (33,'Oxfordshire','England'),
 (34,'Rutland','England'),
 (35,'Shropshire','England'),
 (36,'Somerset','England'),
 (37,'South Yorkshire','England'),
 (38,'Staffordshire','England'),
 (39,'Suffolk','England'),
 (40,'Surrey','England'),
 (41,'Tyne and Wear','England'),
 (42,'Warwickshire','England'),
 (43,'West Midlands','England'),
 (44,'West Sussex','England'),
 (45,'West Yorkshire','England'),
 (46,'Wiltshire','England'),
 (47,'Worcestershire','England'),
 (48,'County Antrim','Northern Ireland'),
 (49,'County Armagh','Northern Ireland'),
 (50,'County Down','Northern Ireland'),
 (51,'County Fermanagh','Northern Ireland'),
 (52,'County Londonderry','Northern Ireland'),
 (53,'County Tyrone','Northern Ireland'),
 (54,'Aberdeenshire','Scotland'),
 (55,'Angus','Scotland'),
 (56,'Clackmannanshire','Scotland'),
 (57,'Dumfries and Galloway','Scotland'),
 (58,'Dundee','Scotland'),
 (59,'East Lothian','Scotland'),
 (60,'Edinburgh?','Scotland'),
 (61,'Falkirk','Scotland'),
 (62,'Fife','Scotland'),
 (63,'Highlands','Scotland'),
 (64,'Lothian','Scotland'),
 (65,'Moray','Scotland'),
 (66,'Perth and Kinross','Scotland'),
 (67,'Scottish Borders','Scotland'),
 (68,'Stirlingshire','Scotland'),
 (69,'Strathclyde','Scotland'),
 (70,'West Lothian','Scotland'),
 (71,'Western Isles','Scotland'),
 (72,'Anglesey','Wales'),
 (73,'Carmarthenshire','Wales'),
 (74,'Ceredigion','Wales'),
 (75,'Conwy','Wales'),
 (76,'Denbighshire','Wales'),
 (77,'Flintshire','Wales'),
 (78,'Gwent','Wales'),
 (79,'Gwynedd','Wales'),
 (80,'Mid Glamorgan','Wales'),
 (81,'Monmouthshire','Wales'),
 (82,'Pembrokeshire','Wales'),
 (83,'Powys','Wales'),
 (84,'South Glamorgan','Wales'),
 (85,'West Glamorgan','Wales'),
 (86,'Wrexham','Wales'),
 (87,'all','England');
INSERT INTO "wtf_region" ("id","name","description") VALUES (1,'Eastern','');
INSERT INTO "wtf_town" ("id","name","description","county_id","latitude","longtitude") VALUES (1,'Ampthill','',1,NULL,NULL),
 (2,'Arlesey','',1,NULL,NULL),
 (3,'Bedford','',1,NULL,NULL),
 (4,'Biggleswade','',1,NULL,NULL),
 (5,'Dunstable','',1,NULL,NULL),
 (6,'Flitwick','',1,NULL,NULL),
 (7,'Houghton Regis','',1,NULL,NULL),
 (8,'Kempston','',1,NULL,NULL),
 (9,'Leighton Buzzard','',1,NULL,NULL),
 (10,'Linslade','',1,NULL,NULL),
 (11,'Luton','',1,NULL,NULL),
 (12,'Potton','',1,NULL,NULL),
 (13,'Sandy','',1,NULL,NULL),
 (14,'Shefford','',1,NULL,NULL),
 (15,'Stotfold','',1,NULL,NULL),
 (16,'Wixams','',1,NULL,NULL),
 (17,'Woburn','',1,NULL,NULL),
 (18,'Ascot','',2,NULL,NULL),
 (19,'Bracknell','',2,NULL,NULL),
 (20,'Crowthorne','',2,NULL,NULL),
 (21,'Earley','',2,NULL,NULL),
 (22,'Eton','',2,NULL,NULL),
 (23,'Hungerford','',2,NULL,NULL),
 (24,'Lambourn','',2,NULL,NULL),
 (25,'Maidenhead','',2,NULL,NULL),
 (26,'Newbury','',2,NULL,NULL),
 (27,'Reading','',2,NULL,NULL),
 (28,'Sandhurst','',2,NULL,NULL),
 (29,'Slough','',2,NULL,NULL),
 (30,'Thatcham','',2,NULL,NULL),
 (31,'Windsor','',2,NULL,NULL),
 (32,'Wokingham','',2,NULL,NULL),
 (33,'Woodley','',2,NULL,NULL),
 (34,'Bristol','',3,NULL,NULL),
 (35,'Amersham','',4,NULL,NULL),
 (36,'Aylesbury','',4,NULL,NULL),
 (37,'Beaconsfield','',4,NULL,NULL),
 (38,'Bletchley','',4,NULL,NULL),
 (39,'Buckingham','',4,NULL,NULL),
 (40,'Chesham','',4,NULL,NULL),
 (41,'Fenny Stratford','',4,NULL,NULL),
 (42,'High Wycombe','',4,NULL,NULL),
 (43,'Marlow','',4,NULL,NULL),
 (44,'Milton Keynes','',4,NULL,NULL),
 (45,'Newport Pagnell','',4,NULL,NULL),
 (46,'Olney','',4,NULL,NULL),
 (47,'Princes Risborough','',4,NULL,NULL),
 (48,'Stony Stratford','',4,NULL,NULL),
 (49,'Wendover','',4,NULL,NULL),
 (50,'Winslow','',4,NULL,NULL),
 (51,'Woburn Sands','',4,NULL,NULL),
 (52,'Wolverton and Greenleys','',4,NULL,NULL),
 (53,'Cambridge','',5,52.1951,0.1313),
 (54,'Chatteris','',5,52.45379,0.05022),
 (55,'Ely','',5,51.48219,-3.2415),
 (56,'Fulbourn','',5,52.17611,0.18955),
 (57,'Godmanchester','',5,52.3194,0.1752),
 (58,'Hanley Grange','',5,52.1159957,-2.32368),
 (59,'Huntingdon','',5,52.33345,-0.17848),
 (60,'March','',5,52.53589,0.08649),
 (61,'Northstowe','',5,52.2878,0.0519),
 (62,'Peterborough','',5,52.57867,-0.34398),
 (63,'Ramsey','',5,52.45292,-0.1132),
 (64,'Soham','',5,52.36606,0.32087),
 (65,'St Ives','',5,52.3325,0.0764),
 (66,'St Neots','',5,52.24203,-0.2584),
 (67,'Whittlesey','',5,52.5581,0.1301),
 (68,'Wisbech','',5,52.66895,0.13868),
 (69,'Alsager','',6,NULL,NULL),
 (70,'Birchwood','',6,NULL,NULL),
 (71,'Bollington','',6,NULL,NULL),
 (72,'Chester','',6,NULL,NULL),
 (73,'Congleton','',6,NULL,NULL),
 (74,'Crewe','',6,NULL,NULL),
 (75,'Ellesmere Port','',6,NULL,NULL),
 (76,'Frodsham','',6,NULL,NULL),
 (77,'Knutsford','',6,NULL,NULL),
 (78,'Macclesfield','',6,NULL,NULL),
 (79,'Malpas','',6,NULL,NULL),
 (80,'Middlewich','',6,NULL,NULL),
 (81,'Nantwich','',6,NULL,NULL),
 (82,'Neston','',6,NULL,NULL),
 (83,'Northwich','',6,NULL,NULL),
 (84,'Poynton with Worth','',6,NULL,NULL),
 (85,'Runcorn','',6,NULL,NULL),
 (86,'Sandbach','',6,NULL,NULL),
 (87,'Warrington','',6,NULL,NULL),
 (88,'Widnes','',6,NULL,NULL),
 (89,'Wilmslow','',6,NULL,NULL),
 (90,'Winsford','',6,NULL,NULL),
 (91,'Bodmin','',7,NULL,NULL),
 (92,'Bude','',7,NULL,NULL),
 (93,'Callington','',7,NULL,NULL),
 (94,'Camborne','',7,NULL,NULL),
 (95,'Camelford','',7,NULL,NULL),
 (96,'Charlestown','',7,NULL,NULL),
 (97,'Falmouth','',7,NULL,NULL),
 (98,'Fowey','',7,NULL,NULL),
 (99,'Hayle','',7,NULL,NULL),
 (100,'Helston','',7,NULL,NULL),
 (101,'Launceston','',7,NULL,NULL),
 (102,'Liskeard','',7,NULL,NULL),
 (103,'Looe','',7,NULL,NULL),
 (104,'Lostwithiel','',7,NULL,NULL),
 (105,'Marazion','',7,NULL,NULL),
 (106,'Newlyn','',7,NULL,NULL),
 (107,'Newquay','',7,NULL,NULL),
 (108,'Padstow','',7,NULL,NULL),
 (109,'Par','',7,NULL,NULL),
 (110,'Penryn','',7,NULL,NULL),
 (111,'Penzance','',7,NULL,NULL),
 (112,'Porthleven','',7,NULL,NULL),
 (113,'Redruth','',7,NULL,NULL),
 (114,'Saltash','',7,NULL,NULL),
 (115,'St Austell','',7,NULL,NULL),
 (116,'St Blazey','',7,NULL,NULL),
 (117,'St Columb Major','',7,NULL,NULL),
 (118,'St Ives','',7,NULL,NULL),
 (119,'St Just','',7,NULL,NULL),
 (120,'St Mawes','',7,NULL,NULL),
 (121,'Stratton','',7,NULL,NULL),
 (122,'Torpoint','',7,NULL,NULL),
 (123,'Truro','',7,NULL,NULL),
 (124,'Wadebridge','',7,NULL,NULL),
 (125,'Barnard Castle','',8,NULL,NULL),
 (126,'Billingham','',8,NULL,NULL),
 (127,'Bishop Auckland','',8,NULL,NULL),
 (128,'Chester le Street','',8,NULL,NULL),
 (129,'Consett','',8,NULL,NULL),
 (130,'Crook','',8,NULL,NULL),
 (131,'Darlington','',8,NULL,NULL),
 (132,'Durham','',8,NULL,NULL),
 (133,'Eaglescliffe','',8,NULL,NULL),
 (134,'Eastington','',8,NULL,NULL),
 (135,'Ferryhill','',8,NULL,NULL),
 (136,'Greater Willington','',8,NULL,NULL),
 (137,'Hartlepool','',8,NULL,NULL),
 (138,'Newton Aycliffe','',8,NULL,NULL),
 (139,'Peterlee','',8,NULL,NULL),
 (140,'Seaham','',8,NULL,NULL),
 (141,'Sedgefield','',8,NULL,NULL),
 (142,'Shildon','',8,NULL,NULL),
 (143,'Spennymoor','',8,NULL,NULL),
 (144,'Stanhope','',8,NULL,NULL),
 (145,'Stanley','',8,NULL,NULL),
 (146,'Stockton on Tees','',8,NULL,NULL),
 (147,'Tow Law','',8,NULL,NULL),
 (148,'Willington','',8,NULL,NULL),
 (149,'Wolsingham','',8,NULL,NULL),
 (150,'Alston','',9,NULL,NULL),
 (151,'Ambleside','',9,NULL,NULL),
 (152,'Appleby in Westmorland','',9,NULL,NULL),
 (153,'Aspatria','',9,NULL,NULL),
 (154,'Barrow in Furness','',9,NULL,NULL),
 (155,'Bowness on Windermere','',9,NULL,NULL),
 (156,'Brampton','',9,NULL,NULL),
 (157,'Broughton in Furness','',9,NULL,NULL),
 (158,'Carlisle','',9,NULL,NULL),
 (159,'Cleator Moor','',9,NULL,NULL),
 (160,'Cockermouth','',9,NULL,NULL),
 (161,'Dalton in Furness','',9,NULL,NULL),
 (162,'Egremont','',9,NULL,NULL),
 (163,'Grange over Sands','',9,NULL,NULL),
 (164,'Harrington','',9,NULL,NULL),
 (165,'Kendal','',9,NULL,NULL),
 (166,'Keswick','',9,NULL,NULL),
 (167,'Kirkby Lonsdale','',9,NULL,NULL),
 (168,'Kirkby Stephen','',9,NULL,NULL),
 (169,'Longtown','',9,NULL,NULL),
 (170,'Maryport','',9,NULL,NULL),
 (171,'Millom','',9,NULL,NULL),
 (172,'Milnthorpe','',9,NULL,NULL),
 (173,'Orgill','',9,NULL,NULL),
 (174,'Penrith','',9,NULL,NULL),
 (175,'Sedbergh','',9,NULL,NULL),
 (176,'Silloth','',9,NULL,NULL),
 (177,'Staveley','',9,NULL,NULL),
 (178,'Ulverston','',9,NULL,NULL),
 (179,'Whitehaven','',9,NULL,NULL),
 (180,'Wigton','',9,NULL,NULL),
 (181,'Windermere','',9,NULL,NULL),
 (182,'Workington','',9,NULL,NULL),
 (183,'Alfreton','',10,NULL,NULL),
 (184,'Ashbourne','',10,NULL,NULL),
 (185,'Bakewell','',10,NULL,NULL),
 (186,'Barrow Hill and Whittington','',10,NULL,NULL),
 (187,'Belper','',10,NULL,NULL),
 (188,'Bolsover','',10,NULL,NULL),
 (189,'Buxton','',10,NULL,NULL),
 (190,'Chapel en le Frith','',10,NULL,NULL),
 (191,'Chesterfield','',10,NULL,NULL),
 (192,'Clay Cross','',10,NULL,NULL),
 (193,'Darley Dale','',10,NULL,NULL),
 (194,'Derby','',10,NULL,NULL),
 (195,'Dronfield','',10,NULL,NULL),
 (196,'Dronfield Woodhouse','',10,NULL,NULL),
 (197,'Eckington','',10,NULL,NULL),
 (198,'Fairfield','',10,NULL,NULL),
 (199,'Glossop','',10,NULL,NULL),
 (200,'Hadfield','',10,NULL,NULL),
 (201,'Heanor','',10,NULL,NULL),
 (202,'Ilkeston','',10,NULL,NULL),
 (203,'Killamarsh','',10,NULL,NULL),
 (204,'Langley Mill','',10,NULL,NULL),
 (205,'Long Eaton','',10,NULL,NULL),
 (206,'Matlock','',10,NULL,NULL),
 (207,'Melbourne','',10,NULL,NULL),
 (208,'Netherthorpe','',10,NULL,NULL),
 (209,'New Mills','',10,NULL,NULL),
 (210,'Over Woodhouse','',10,NULL,NULL),
 (211,'Ripley','',10,NULL,NULL),
 (212,'Sandiacre','',10,NULL,NULL),
 (213,'Shallcross','',10,NULL,NULL),
 (214,'Shirebrook','',10,NULL,NULL),
 (215,'Staveley','',10,NULL,NULL),
 (216,'Swadlincote','',10,NULL,NULL),
 (217,'Whaley Bridge','',10,NULL,NULL),
 (218,'Wirksworth','',10,NULL,NULL),
 (219,'Ashburton','',11,NULL,NULL),
 (220,'Axminster','',11,NULL,NULL),
 (221,'Bampton','',11,NULL,NULL),
 (222,'Barnstaple','',11,NULL,NULL),
 (223,'Bideford','',11,NULL,NULL),
 (224,'Bovey Tracey','',11,NULL,NULL),
 (225,'Bradninch','',11,NULL,NULL),
 (226,'Brixham','',11,NULL,NULL),
 (227,'Buckfastleigh','',11,NULL,NULL),
 (228,'Budleigh Salterton','',11,NULL,NULL),
 (229,'Chagford','',11,NULL,NULL),
 (230,'Chudleigh','',11,NULL,NULL),
 (231,'Chulmleigh','',11,NULL,NULL),
 (232,'Colyton','',11,NULL,NULL),
 (233,'Crediton','',11,NULL,NULL),
 (234,'Cullompton','',11,NULL,NULL),
 (235,'Dartmouth','',11,NULL,NULL),
 (236,'Dawlish','',11,NULL,NULL),
 (237,'Exeter','',11,NULL,NULL),
 (238,'Exmouth','',11,NULL,NULL),
 (239,'Great Torrington','',11,NULL,NULL),
 (240,'Hartland','',11,NULL,NULL),
 (241,'Hatherleigh','',11,NULL,NULL),
 (242,'Highampton','',11,NULL,NULL),
 (243,'Holsworthy','',11,NULL,NULL),
 (244,'Honiton','',11,NULL,NULL),
 (245,'Ilfracombe','',11,NULL,NULL),
 (246,'Ivybridge','',11,NULL,NULL),
 (247,'Kingsbridge','',11,NULL,NULL),
 (248,'Kingsteignton','',11,NULL,NULL),
 (249,'Lynton','',11,NULL,NULL),
 (250,'Modbury','',11,NULL,NULL),
 (251,'Moretonhampstead','',11,NULL,NULL),
 (252,'Newton Abbot','',11,NULL,NULL),
 (253,'North Tawton','',11,NULL,NULL),
 (254,'Northam','',11,NULL,NULL),
 (255,'Okehampton','',11,NULL,NULL),
 (256,'Ottery St Mary','',11,NULL,NULL),
 (257,'Paignton','',11,NULL,NULL),
 (258,'Plymouth','',11,NULL,NULL),
 (259,'Princetown','',11,NULL,NULL),
 (260,'Salcombe','',11,NULL,NULL),
 (261,'Seaton','',11,NULL,NULL),
 (262,'Sherford','',11,NULL,NULL),
 (263,'Sidmouth','',11,NULL,NULL),
 (264,'South Molton','',11,NULL,NULL),
 (265,'Tavistock','',11,NULL,NULL),
 (266,'Teignmouth','',11,NULL,NULL),
 (267,'Tiverton','',11,NULL,NULL),
 (268,'Topsham','',11,NULL,NULL),
 (269,'Torquay','',11,NULL,NULL),
 (270,'Totnes','',11,NULL,NULL),
 (271,'Beaminster','',12,NULL,NULL),
 (272,'Blandford Forum','',12,NULL,NULL),
 (273,'Bournemouth','',12,NULL,NULL),
 (274,'Bridport','',12,NULL,NULL),
 (275,'Chickerell','',12,NULL,NULL),
 (276,'Christchurch','',12,NULL,NULL),
 (277,'Dorchester','',12,NULL,NULL),
 (278,'Ferndown','',12,NULL,NULL),
 (279,'Gillingham','',12,NULL,NULL),
 (280,'Highcliffe','',12,NULL,NULL),
 (281,'Lyme Regis','',12,NULL,NULL),
 (282,'Poole','',12,NULL,NULL),
 (283,'Portland','',12,NULL,NULL),
 (284,'Shaftesbury','',12,NULL,NULL),
 (285,'Sherborne','',12,NULL,NULL),
 (286,'Stalbridge','',12,NULL,NULL),
 (287,'Sturminster Newton','',12,NULL,NULL),
 (288,'Swanage','',12,NULL,NULL),
 (289,'Verwood','',12,NULL,NULL),
 (290,'Wareham','',12,NULL,NULL),
 (291,'Weymouth','',12,NULL,NULL),
 (292,'Wimborne Minster','',12,NULL,NULL),
 (293,'Beverley','',13,NULL,NULL),
 (294,'Bridlington','',13,NULL,NULL),
 (295,'Brough','',13,NULL,NULL),
 (296,'Driffield','',13,NULL,NULL),
 (297,'Goole','',13,NULL,NULL),
 (298,'Hedon','',13,NULL,NULL),
 (299,'Hessle','',13,NULL,NULL),
 (300,'Hornsea','',13,NULL,NULL),
 (301,'Howden','',13,NULL,NULL),
 (302,'Market Weighton','',13,NULL,NULL),
 (303,'Pocklington','',13,NULL,NULL),
 (304,'Snaith','',13,NULL,NULL),
 (305,'South Cave','',13,NULL,NULL),
 (306,'Withernsea','',13,NULL,NULL),
 (307,'Battle','',14,NULL,NULL),
 (308,'Bexhill on Sea','',14,NULL,NULL),
 (309,'Brighton','',14,NULL,NULL),
 (310,'Crowborough','',14,NULL,NULL),
 (311,'Eastbourne','',14,NULL,NULL),
 (312,'Hailsham','',14,NULL,NULL),
 (313,'Hastings','',14,NULL,NULL),
 (314,'Heathfield','',14,NULL,NULL),
 (315,'Hove','',14,NULL,NULL),
 (316,'Lewes','',14,NULL,NULL),
 (317,'Newhaven','',14,NULL,NULL),
 (318,'Ore Valley','',14,NULL,NULL),
 (319,'Peacehaven','',14,NULL,NULL),
 (320,'Polegate','',14,NULL,NULL),
 (321,'Rye','',14,NULL,NULL),
 (322,'Seaford','',14,NULL,NULL),
 (323,'Telscombe','',14,NULL,NULL),
 (324,'Uckfield','',14,NULL,NULL),
 (325,'Wadhurst','',14,NULL,NULL),
 (326,'Winchelsea','',14,NULL,NULL),
 (327,'Basildon','',15,NULL,NULL),
 (328,'Billericay','',15,NULL,NULL),
 (329,'Braintree','',15,NULL,NULL),
 (330,'Brentwood','',15,NULL,NULL),
 (331,'Brightlingsea','',15,NULL,NULL),
 (332,'Buckhurst Hill','',15,NULL,NULL),
 (333,'Burnham on Crouch','',15,NULL,NULL),
 (334,'Canvey Island','',15,NULL,NULL),
 (335,'Chafford Hundred','',15,NULL,NULL),
 (336,'Chelmsford','',15,NULL,NULL),
 (337,'Clackwell','',15,NULL,NULL),
 (338,'Clacton on Sea','',15,NULL,NULL),
 (339,'Coggeshall','',15,NULL,NULL),
 (340,'Colchester','',15,NULL,NULL),
 (341,'Corringham','',15,NULL,NULL),
 (342,'Dovercourt','',15,NULL,NULL),
 (343,'Eastwood','',15,NULL,NULL),
 (344,'Epping','',15,NULL,NULL),
 (345,'Frinton on Sea','',15,NULL,NULL),
 (346,'Grays','',15,NULL,NULL),
 (347,'Great Dunmow','',15,NULL,NULL),
 (348,'Hadleigh','',15,NULL,NULL),
 (349,'Halstead','',15,NULL,NULL),
 (350,'Harlow','',15,NULL,NULL),
 (351,'Harwich','',15,NULL,NULL),
 (352,'Heybridge','',15,NULL,NULL),
 (353,'Hockley','',15,NULL,NULL),
 (354,'Holland on Sea','',15,NULL,NULL),
 (355,'Ingatestone','',15,NULL,NULL),
 (356,'Laindon','',15,NULL,NULL),
 (357,'Langdon Hills','',15,NULL,NULL),
 (358,'Leigh on Sea','',15,NULL,NULL),
 (359,'Loughton','',15,NULL,NULL),
 (360,'Maldon','',15,NULL,NULL),
 (361,'Manningtree','',15,NULL,NULL),
 (362,'North Shoebury','',15,NULL,NULL),
 (363,'Ongar','',15,NULL,NULL),
 (364,'Parkeston','',15,NULL,NULL),
 (365,'Pitsea','',15,NULL,NULL),
 (366,'Prettlewell','',15,NULL,NULL),
 (367,'Rayleigh','',15,NULL,NULL),
 (368,'Rochford','',15,NULL,NULL),
 (369,'Romford','',15,NULL,NULL),
 (370,'Saffron Walden','',15,NULL,NULL),
 (371,'Shoeburyness','',15,NULL,NULL),
 (372,'South Benfleet','',15,NULL,NULL),
 (373,'South Woodham Ferrers','',15,NULL,NULL),
 (374,'Southchurch','',15,NULL,NULL),
 (375,'Southend on Sea','',15,NULL,NULL),
 (376,'Southminster','',15,NULL,NULL),
 (377,'Stanfield le Hope','',15,NULL,NULL),
 (378,'Thaxted','',15,NULL,NULL),
 (379,'Thorpe Bay','',15,NULL,NULL),
 (380,'Tilbury','',15,NULL,NULL),
 (381,'Waltham Abbey','',15,NULL,NULL),
 (382,'Walton on the Naze','',15,NULL,NULL),
 (383,'West Mersea','',15,NULL,NULL),
 (384,'West Thurrock','',15,NULL,NULL),
 (385,'West Tilbury','',15,NULL,NULL),
 (386,'Westcliff on Sea','',15,NULL,NULL),
 (387,'Wickford','',15,NULL,NULL),
 (388,'Witham','',15,NULL,NULL),
 (389,'Wivenhoe','',15,NULL,NULL),
 (390,'Berkeley','',16,NULL,NULL),
 (391,'Bradley Stoke','',16,NULL,NULL),
 (392,'Cheltenham','',16,NULL,NULL),
 (393,'Chipping Campden','',16,NULL,NULL),
 (394,'Chipping Sodbury','',16,NULL,NULL),
 (395,'Cinderford','',16,NULL,NULL),
 (396,'Cirencester','',16,NULL,NULL),
 (397,'Coleford','',16,NULL,NULL),
 (398,'Dursley','',16,NULL,NULL),
 (399,'Fairford','',16,NULL,NULL),
 (400,'Filton','',16,NULL,NULL),
 (401,'Gloucester','',16,NULL,NULL),
 (402,'Kingswood','',16,NULL,NULL),
 (403,'Lechlade','',16,NULL,NULL),
 (404,'Lydney','',16,NULL,NULL),
 (405,'Minchinhampton','',16,NULL,NULL),
 (406,'Mitcheldean','',16,NULL,NULL),
 (407,'Moreton in Marsh','',16,NULL,NULL),
 (408,'Nailsworth','',16,NULL,NULL),
 (409,'Newent','',16,NULL,NULL),
 (410,'Northleach','',16,NULL,NULL),
 (411,'Painswick','',16,NULL,NULL),
 (412,'Patchway','',16,NULL,NULL),
 (413,'Stonehouse','',16,NULL,NULL),
 (414,'Stow on the Wold','',16,NULL,NULL),
 (415,'Stroud','',16,NULL,NULL),
 (416,'Tetbury','',16,NULL,NULL),
 (417,'Tewkesbury','',16,NULL,NULL),
 (418,'Thornbury','',16,NULL,NULL),
 (419,'Wickwar','',16,NULL,NULL),
 (420,'Winchcombe','',16,NULL,NULL),
 (421,'Wotton under Edge','',16,NULL,NULL),
 (422,'Yate','',16,NULL,NULL),
 (423,'Acton','',17,NULL,NULL),
 (424,'Barking','',17,NULL,NULL),
 (425,'Barnes','',17,NULL,NULL),
 (426,'Beckenham','',17,NULL,NULL),
 (427,'Bexley','',17,NULL,NULL),
 (428,'Brentford','',17,NULL,NULL),
 (429,'Bromley','',17,NULL,NULL),
 (430,'Chingford','',17,NULL,NULL),
 (431,'Croydon','',17,NULL,NULL),
 (432,'Dagenham','',17,NULL,NULL),
 (433,'Ealing','',17,NULL,NULL),
 (434,'East Ham','',17,NULL,NULL),
 (435,'Edgware','',17,NULL,NULL),
 (436,'Edmonton','',17,NULL,NULL),
 (437,'Enfield','',17,NULL,NULL),
 (438,'Erith','',17,NULL,NULL),
 (439,'Finchley','',17,NULL,NULL),
 (440,'Harrow','',17,NULL,NULL),
 (441,'Hendon','',17,NULL,NULL),
 (442,'Hornsey','',17,NULL,NULL),
 (443,'Ilford','',17,NULL,NULL),
 (444,'Kingston upon Thames','',17,NULL,NULL),
 (445,'Leyton','',17,NULL,NULL),
 (446,'Mitcham','',17,NULL,NULL),
 (447,'Richmond','',17,NULL,NULL),
 (448,'Southall','',17,NULL,NULL),
 (449,'Southgate','',17,NULL,NULL),
 (450,'St Mary Cray','',17,NULL,NULL),
 (451,'Surbiton','',17,NULL,NULL),
 (452,'Tottenham','',17,NULL,NULL),
 (453,'Twickenham','',17,NULL,NULL),
 (454,'Uxbridge','',17,NULL,NULL),
 (455,'Walthamstow','',17,NULL,NULL),
 (456,'Wembley','',17,NULL,NULL),
 (457,'West Ham','',17,NULL,NULL),
 (458,'Willesden','',17,NULL,NULL),
 (459,'Wimbledon','',17,NULL,NULL),
 (460,'Wood Green','',17,NULL,NULL),
 (461,'Altrincham','',18,NULL,NULL),
 (462,'Ashton in Makerfield','',18,NULL,NULL),
 (463,'Ashton under Lyne','',18,NULL,NULL),
 (464,'Atherton','',18,NULL,NULL),
 (465,'Audenshaw','',18,NULL,NULL),
 (466,'Blackrod','',18,NULL,NULL),
 (467,'Bolton','',18,NULL,NULL),
 (468,'Bury','',18,NULL,NULL),
 (469,'Cadishead','',18,NULL,NULL),
 (470,'Chadderton','',18,NULL,NULL),
 (471,'Cheadle','',18,NULL,NULL),
 (472,'Cheadle Hulme','',18,NULL,NULL),
 (473,'Denton','',18,NULL,NULL),
 (474,'Droylsden','',18,NULL,NULL),
 (475,'Dukinfield','',18,NULL,NULL),
 (476,'Eccles','',18,NULL,NULL),
 (477,'Failsworth','',18,NULL,NULL),
 (478,'Farnworth','',18,NULL,NULL),
 (479,'Golbourne','',18,NULL,NULL),
 (480,'Heywood','',18,NULL,NULL),
 (481,'Hindley','',18,NULL,NULL),
 (482,'Horwich','',18,NULL,NULL),
 (483,'Hyde','',18,NULL,NULL),
 (484,'Ince in Makerfield','',18,NULL,NULL),
 (485,'Irlam','',18,NULL,NULL),
 (486,'Kearsley','',18,NULL,NULL),
 (487,'Leigh','',18,NULL,NULL),
 (488,'Littleborough','',18,NULL,NULL),
 (489,'Manchester','',18,NULL,NULL),
 (490,'Middleton','',18,NULL,NULL),
 (491,'Milnrow','',18,NULL,NULL),
 (492,'Mossley','',18,NULL,NULL),
 (493,'Oldham','',18,NULL,NULL),
 (494,'Partington','',18,NULL,NULL),
 (495,'Pendlebury','',18,NULL,NULL),
 (496,'Prestwich','',18,NULL,NULL),
 (497,'Radcliffe','',18,NULL,NULL),
 (498,'Ramsbottom','',18,NULL,NULL),
 (499,'Rochdale','',18,NULL,NULL),
 (500,'Royton','',18,NULL,NULL),
 (501,'Sale','',18,NULL,NULL),
 (502,'Salford','',18,NULL,NULL),
 (503,'Shaw and Crompton','',18,NULL,NULL),
 (504,'Stalybridge','',18,NULL,NULL),
 (505,'Stockport','',18,NULL,NULL),
 (506,'Stretford','',18,NULL,NULL),
 (507,'Swinton','',18,NULL,NULL),
 (508,'Tottington','',18,NULL,NULL),
 (509,'Tyldsley','',18,NULL,NULL),
 (510,'Walkden','',18,NULL,NULL),
 (511,'Westhoughton','',18,NULL,NULL),
 (512,'Whitefield','',18,NULL,NULL),
 (513,'Wigan','',18,NULL,NULL),
 (514,'Worsley','',18,NULL,NULL),
 (515,'Aldershot','',19,NULL,NULL),
 (516,'Alton','',19,NULL,NULL),
 (517,'Andover','',19,NULL,NULL),
 (518,'Basingstoke','',19,NULL,NULL),
 (519,'Bishop''s Waltham','',19,NULL,NULL),
 (520,'Blackwater and Hawley','',19,NULL,NULL),
 (521,'Bordon','',19,NULL,NULL),
 (522,'Eastleigh','',19,NULL,NULL),
 (523,'Emsworth','',19,NULL,NULL),
 (524,'Fareham','',19,NULL,NULL),
 (525,'Farnborough','',19,NULL,NULL),
 (526,'Fleet','',19,NULL,NULL),
 (527,'Fordingbridge','',19,NULL,NULL),
 (528,'Gosport','',19,NULL,NULL),
 (529,'Havant','',19,NULL,NULL),
 (530,'Hedge End','',19,NULL,NULL),
 (531,'Hythe','',19,NULL,NULL),
 (532,'Lee on the Solent','',19,NULL,NULL),
 (533,'Lymington','',19,NULL,NULL),
 (534,'Lyndhurst','',19,NULL,NULL),
 (535,'New Alresford','',19,NULL,NULL),
 (536,'New Milton','',19,NULL,NULL),
 (537,'North Camp','',19,NULL,NULL),
 (538,'Petersfield','',19,NULL,NULL),
 (539,'Portchester','',19,NULL,NULL),
 (540,'Portsmouth','',19,NULL,NULL),
 (541,'Ringwood','',19,NULL,NULL),
 (542,'Romsey','',19,NULL,NULL),
 (543,'Southampton','',19,NULL,NULL),
 (544,'Southsea','',19,NULL,NULL),
 (545,'Southwick','',19,NULL,NULL),
 (546,'Tadley','',19,NULL,NULL),
 (547,'Totton','',19,NULL,NULL),
 (548,'Waterlooville','',19,NULL,NULL),
 (549,'Whitchurch','',19,NULL,NULL),
 (550,'Whitehill','',19,NULL,NULL),
 (551,'Wickham','',19,NULL,NULL),
 (552,'Winchester','',19,NULL,NULL),
 (553,'Yateley','',19,NULL,NULL),
 (554,'Bromyard','',20,NULL,NULL),
 (555,'Hatfield','',20,NULL,NULL),
 (556,'Hereford','',20,NULL,NULL),
 (557,'Kington','',20,NULL,NULL),
 (558,'Ledbury','',20,NULL,NULL),
 (559,'Leominster','',20,NULL,NULL),
 (560,'Longtown','',20,NULL,NULL),
 (561,'Ross on Wye','',20,NULL,NULL),
 (562,'Baldock','',21,NULL,NULL),
 (563,'Barnet','',21,NULL,NULL),
 (564,'Berkhamsted','',21,NULL,NULL),
 (565,'Bishop''s Stortford','',21,NULL,NULL),
 (566,'Borehamwood','',21,NULL,NULL),
 (567,'Broxbourne','',21,NULL,NULL),
 (568,'Buntingford','',21,NULL,NULL),
 (569,'Bushey','',21,NULL,NULL),
 (570,'Cheshunt','',21,NULL,NULL),
 (571,'Chorleywood','',21,NULL,NULL),
 (572,'Elstree','',21,NULL,NULL),
 (573,'Harpenden','',21,NULL,NULL),
 (574,'Hatfield','',21,NULL,NULL),
 (575,'Hemel Hempstead','',21,NULL,NULL),
 (576,'Hertford','',21,NULL,NULL),
 (577,'Hitchin','',21,NULL,NULL),
 (578,'Hoddesdon','',21,NULL,NULL),
 (579,'Letchworth','',21,NULL,NULL),
 (580,'Potters Bar','',21,NULL,NULL),
 (581,'Rickmansworth','',21,NULL,NULL),
 (582,'Royston','',21,NULL,NULL),
 (583,'Sawbridgeworth','',21,NULL,NULL),
 (584,'Stevenage','',21,NULL,NULL),
 (585,'Tring','',21,NULL,NULL),
 (586,'Waltham Cross','',21,NULL,NULL),
 (587,'Ware','',21,NULL,NULL),
 (588,'Watford','',21,NULL,NULL),
 (589,'Welwyn Garden City','',21,NULL,NULL),
 (590,'Appley','',22,NULL,NULL),
 (591,'Brading','',22,NULL,NULL),
 (592,'Cowes','',22,NULL,NULL),
 (593,'East Cowes','',22,NULL,NULL),
 (594,'Newport','',22,NULL,NULL),
 (595,'Ryde','',22,NULL,NULL),
 (596,'Sandown','',22,NULL,NULL),
 (597,'Shanklin','',22,NULL,NULL),
 (598,'Ventnor','',22,NULL,NULL),
 (599,'Yarmouth','',22,NULL,NULL),
 (600,'Ashford','',23,NULL,NULL),
 (601,'Broadstairs','',23,NULL,NULL),
 (602,'Canterbury','',23,NULL,NULL),
 (603,'Chatham','',23,NULL,NULL),
 (604,'Cranbrook','',23,NULL,NULL),
 (605,'Crayford','',23,NULL,NULL),
 (606,'Dartford','',23,NULL,NULL),
 (607,'Deal','',23,NULL,NULL),
 (608,'Dover','',23,NULL,NULL),
 (609,'Edenbridge','',23,NULL,NULL),
 (610,'Faversham','',23,NULL,NULL),
 (611,'Folkestone','',23,NULL,NULL),
 (612,'Fordwich','',23,NULL,NULL),
 (613,'Gillingham','',23,NULL,NULL),
 (614,'Gravesend','',23,NULL,NULL),
 (615,'Greenhill','',23,NULL,NULL),
 (616,'Herne Bay','',23,NULL,NULL),
 (617,'Hythe','',23,NULL,NULL),
 (618,'Lydd','',23,NULL,NULL),
 (619,'Maidstone','',23,NULL,NULL),
 (620,'Margate','',23,NULL,NULL),
 (621,'Minster','',23,NULL,NULL),
 (622,'New Romney','',23,NULL,NULL),
 (623,'Northfleet','',23,NULL,NULL),
 (624,'Orpington','',23,NULL,NULL),
 (625,'Paddock Wood','',23,NULL,NULL),
 (626,'Queenborough','',23,NULL,NULL),
 (627,'Rainham','',23,NULL,NULL),
 (628,'Ramsgate','',23,NULL,NULL),
 (629,'Rochester','',23,NULL,NULL),
 (630,'Royal Tunbridge Wells','',23,NULL,NULL),
 (631,'Sandwich','',23,NULL,NULL),
 (632,'Sevenoaks','',23,NULL,NULL),
 (633,'Sheerness','',23,NULL,NULL),
 (634,'Sittingbourne','',23,NULL,NULL),
 (635,'Snodland','',23,NULL,NULL),
 (636,'Southborough','',23,NULL,NULL),
 (637,'Strood','',23,NULL,NULL),
 (638,'Swanley','',23,NULL,NULL),
 (639,'Swanscombe and Greenhithe','',23,NULL,NULL),
 (640,'Tenterden','',23,NULL,NULL),
 (641,'Tonbridge','',23,NULL,NULL),
 (642,'Tunbridge Wells','',23,NULL,NULL),
 (643,'West Malling','',23,NULL,NULL),
 (644,'Westerham','',23,NULL,NULL),
 (645,'Westgate on Sea','',23,NULL,NULL),
 (646,'Whitstable','',23,NULL,NULL),
 (647,'Accrington','',24,NULL,NULL),
 (648,'Adlington','',24,NULL,NULL),
 (649,'Bacup','',24,NULL,NULL),
 (650,'Barnoldswick','',24,NULL,NULL),
 (651,'Blackburn','',24,NULL,NULL),
 (652,'Blackpool','',24,NULL,NULL),
 (653,'Brierfield','',24,NULL,NULL),
 (654,'Burnley','',24,NULL,NULL),
 (655,'Carnforth','',24,NULL,NULL),
 (656,'Chorley','',24,NULL,NULL),
 (657,'Clayton le Moors','',24,NULL,NULL),
 (658,'Cleveleys','',24,NULL,NULL),
 (659,'Clitheroe','',24,NULL,NULL),
 (660,'Colne','',24,NULL,NULL),
 (661,'Darwen','',24,NULL,NULL),
 (662,'Failsworth','',24,NULL,NULL),
 (663,'Fleetwood','',24,NULL,NULL),
 (664,'Garstang','',24,NULL,NULL),
 (665,'Great Harwood','',24,NULL,NULL),
 (666,'Haslingden','',24,NULL,NULL),
 (667,'Kirkham','',24,NULL,NULL),
 (668,'Lancaster','',24,NULL,NULL),
 (669,'Leyland','',24,NULL,NULL),
 (670,'Longridge','',24,NULL,NULL),
 (671,'Lytham St Annes','',24,NULL,NULL),
 (672,'Medlar with Wesham','',24,NULL,NULL),
 (673,'Morecambe','',24,NULL,NULL),
 (674,'Nelson','',24,NULL,NULL),
 (675,'Ormskirk','',24,NULL,NULL),
 (676,'Oswaldtwistle','',24,NULL,NULL),
 (677,'Padiham','',24,NULL,NULL),
 (678,'Penwortham','',24,NULL,NULL),
 (679,'Poulton le Fylde','',24,NULL,NULL),
 (680,'Preesall','',24,NULL,NULL),
 (681,'Preston','',24,NULL,NULL),
 (682,'Rawtenstall','',24,NULL,NULL),
 (683,'Skelmersdale','',24,NULL,NULL),
 (684,'Thornton','',24,NULL,NULL),
 (685,'Thornton Cleveleys','',24,NULL,NULL),
 (686,'Wesham','',24,NULL,NULL),
 (687,'Whitworth','',24,NULL,NULL),
 (688,'Ashby de la Zouch','',25,NULL,NULL),
 (689,'Ashby Woulds','',25,NULL,NULL),
 (690,'Braunstone Town','',25,NULL,NULL),
 (691,'Coalville','',25,NULL,NULL),
 (692,'Earl Shilton','',25,NULL,NULL),
 (693,'Hinckley','',25,NULL,NULL),
 (694,'Leicester','',25,NULL,NULL),
 (695,'Loughborough','',25,NULL,NULL),
 (696,'Lutterworth','',25,NULL,NULL),
 (697,'Market Bosworth','',25,NULL,NULL),
 (698,'Market Harborough','',25,NULL,NULL),
 (699,'Melton Mowbray','',25,NULL,NULL),
 (700,'Oadby','',25,NULL,NULL),
 (701,'Shepshed','',25,NULL,NULL),
 (702,'Syston','',25,NULL,NULL),
 (703,'Wigston Magna','',25,NULL,NULL),
 (704,'Alford','',26,NULL,NULL),
 (705,'Barton upon Humber','',26,NULL,NULL),
 (706,'Boston','',26,NULL,NULL),
 (707,'Bottesford','',26,NULL,NULL),
 (708,'Bourne','',26,NULL,NULL),
 (709,'Brigg','',26,NULL,NULL),
 (710,'Broughton','',26,NULL,NULL),
 (711,'Burgh le Marsh','',26,NULL,NULL),
 (712,'Caistor','',26,NULL,NULL),
 (713,'Cleethorpes','',26,NULL,NULL),
 (714,'Coningsby','',26,NULL,NULL),
 (715,'Crowland','',26,NULL,NULL),
 (716,'Crowle','',26,NULL,NULL),
 (717,'Epworth','',26,NULL,NULL),
 (718,'Gainsborough','',26,NULL,NULL),
 (719,'Grantham','',26,NULL,NULL),
 (720,'Grimsby','',26,NULL,NULL),
 (721,'Holbeach','',26,NULL,NULL),
 (722,'Horncastle','',26,NULL,NULL),
 (723,'Immingham','',26,NULL,NULL),
 (724,'Kirton in Lindsey','',26,NULL,NULL),
 (725,'Lincoln','',26,NULL,NULL),
 (726,'Little Coates','',26,NULL,NULL),
 (727,'Long Sutton','',26,NULL,NULL),
 (728,'Louth','',26,NULL,NULL),
 (729,'Mablethorpe','',26,NULL,NULL),
 (730,'Mablethorpe and Sutton','',26,NULL,NULL),
 (731,'Market Deeping','',26,NULL,NULL),
 (732,'Market Rasen','',26,NULL,NULL),
 (733,'North Hykeham','',26,NULL,NULL),
 (734,'Scunthorpe','',26,NULL,NULL),
 (735,'Skegness','',26,NULL,NULL),
 (736,'Sleaford','',26,NULL,NULL),
 (737,'Spalding','',26,NULL,NULL),
 (738,'Spilsby','',26,NULL,NULL),
 (739,'Stamford','',26,NULL,NULL),
 (740,'The Deepings','',26,NULL,NULL),
 (741,'Wainfleet','',26,NULL,NULL),
 (742,'Winterton','',26,NULL,NULL),
 (743,'Wragby','',26,NULL,NULL),
 (744,'Bebington','',27,NULL,NULL),
 (745,'Birkenhead','',27,NULL,NULL),
 (746,'Bootle','',27,NULL,NULL),
 (747,'Bromborough','',27,NULL,NULL),
 (748,'Crosby','',27,NULL,NULL),
 (749,'Earlestown','',27,NULL,NULL),
 (750,'Formby','',27,NULL,NULL),
 (751,'Halewood','',27,NULL,NULL),
 (752,'Heswall','',27,NULL,NULL),
 (753,'Hoylake','',27,NULL,NULL),
 (754,'Huyton','',27,NULL,NULL),
 (755,'Kirkby','',27,NULL,NULL),
 (756,'Liverpool','',27,NULL,NULL),
 (757,'Maghull','',27,NULL,NULL),
 (758,'Newton le Willows','',27,NULL,NULL),
 (759,'Prescot','',27,NULL,NULL),
 (760,'Rainford','',27,NULL,NULL),
 (761,'Rainhill','',27,NULL,NULL),
 (762,'Southport','',27,NULL,NULL),
 (763,'St Helens','',27,NULL,NULL),
 (764,'Wallasey','',27,NULL,NULL),
 (765,'Whiston','',27,NULL,NULL),
 (766,'Acle','',28,NULL,NULL),
 (767,'Attleborough','',28,NULL,NULL),
 (768,'Aylsham','',28,NULL,NULL),
 (769,'Caister on Sea','',28,NULL,NULL),
 (770,'Cromer','',28,NULL,NULL),
 (771,'Dereham','',28,NULL,NULL),
 (772,'Diss','',28,NULL,NULL),
 (773,'Downham Market','',28,NULL,NULL),
 (774,'Fakenham','',28,NULL,NULL),
 (775,'Gorleston','',28,NULL,NULL),
 (776,'Great Yarmouth','',28,NULL,NULL),
 (777,'Hingham','',28,NULL,NULL),
 (778,'Holt','',28,NULL,NULL),
 (779,'Hunstanton','',28,NULL,NULL),
 (780,'King''s Lynn','',28,NULL,NULL),
 (781,'Loddon','',28,NULL,NULL),
 (782,'North Walsham','',28,NULL,NULL),
 (783,'Norwich','',28,NULL,NULL),
 (784,'Rackheath','',28,NULL,NULL),
 (785,'Redenhall with Harleston','',28,NULL,NULL),
 (786,'Reepham','',28,NULL,NULL),
 (787,'Sheringham','',28,NULL,NULL),
 (788,'Stalham','',28,NULL,NULL),
 (789,'Swaffham','',28,NULL,NULL),
 (790,'Thetford','',28,NULL,NULL),
 (791,'Thorpe St Andrew','',28,NULL,NULL),
 (792,'Watton','',28,NULL,NULL),
 (793,'Wells next the Sea','',28,NULL,NULL),
 (794,'Wroxham','',28,NULL,NULL),
 (795,'Wymondham','',28,NULL,NULL),
 (796,'Bedale','',29,NULL,NULL),
 (797,'Bentham','',29,NULL,NULL),
 (798,'Boroughbridge','',29,NULL,NULL),
 (799,'Colburn','',29,NULL,NULL),
 (800,'Easingwold','',29,NULL,NULL),
 (801,'Eston','',29,NULL,NULL),
 (802,'Filey','',29,NULL,NULL),
 (803,'Grangetown','',29,NULL,NULL),
 (804,'Grassington','',29,NULL,NULL),
 (805,'Guisborough','',29,NULL,NULL),
 (806,'Harrogate','',29,NULL,NULL),
 (807,'Hawes','',29,NULL,NULL),
 (808,'Haxby','',29,NULL,NULL),
 (809,'Helmsley','',29,NULL,NULL),
 (810,'Ingleby Barwick','',29,NULL,NULL),
 (811,'Kirkbymoorside','',29,NULL,NULL),
 (812,'Knaresborough','',29,NULL,NULL),
 (813,'Leyburn','',29,NULL,NULL),
 (814,'Loftus','',29,NULL,NULL),
 (815,'Malton','',29,NULL,NULL),
 (816,'Masham','',29,NULL,NULL),
 (817,'Middleham','',29,NULL,NULL),
 (818,'Middlesbrough','',29,NULL,NULL),
 (819,'Northallerton','',29,NULL,NULL),
 (820,'Norton on Derwent','',29,NULL,NULL),
 (821,'Pateley Bridge','',29,NULL,NULL),
 (822,'Pickering','',29,NULL,NULL),
 (823,'Redcar','',29,NULL,NULL),
 (824,'Richmond','',29,NULL,NULL),
 (825,'Ripon','',29,NULL,NULL),
 (826,'Robin Hood''s Bay','',29,NULL,NULL),
 (827,'Saltburn by the Sea','',29,NULL,NULL),
 (828,'Scarborough','',29,NULL,NULL),
 (829,'Selby','',29,NULL,NULL),
 (830,'Settle','',29,NULL,NULL),
 (831,'Sherburn in Elmet','',29,NULL,NULL),
 (832,'Skelton in Cleveland','',29,NULL,NULL),
 (833,'Skipton','',29,NULL,NULL),
 (834,'Stockton on Tees','',29,NULL,NULL),
 (835,'Stokesley','',29,NULL,NULL),
 (836,'Tadcaster','',29,NULL,NULL),
 (837,'Thirsk','',29,NULL,NULL),
 (838,'Thornaby on Tees','',29,NULL,NULL),
 (839,'Whitby','',29,NULL,NULL),
 (840,'Yarm','',29,NULL,NULL),
 (841,'York','',29,NULL,NULL),
 (842,'Brackley','',30,NULL,NULL),
 (843,'Burton Latimer','',30,NULL,NULL),
 (844,'Corby','',30,NULL,NULL),
 (845,'Daventry','',30,NULL,NULL),
 (846,'Desborough','',30,NULL,NULL),
 (847,'Higham Ferrers','',30,NULL,NULL),
 (848,'Irthlingborough','',30,NULL,NULL),
 (849,'Kettering','',30,NULL,NULL),
 (850,'Northampton','',30,NULL,NULL),
 (851,'Oundle','',30,NULL,NULL),
 (852,'Raunds','',30,NULL,NULL),
 (853,'Rothwell','',30,NULL,NULL),
 (854,'Rushden','',30,NULL,NULL),
 (855,'Thrapston','',30,NULL,NULL),
 (856,'Towcester','',30,NULL,NULL),
 (857,'Wellingborough','',30,NULL,NULL),
 (858,'Alnwick','',31,NULL,NULL),
 (859,'Amble','',31,NULL,NULL),
 (860,'Ashington','',31,NULL,NULL),
 (861,'Bedlington','',31,NULL,NULL),
 (862,'Berwick upon Tweed','',31,NULL,NULL),
 (863,'Blyth','',31,NULL,NULL),
 (864,'Corbridge','',31,NULL,NULL),
 (865,'Cramlington','',31,NULL,NULL),
 (866,'Haltwhistle','',31,NULL,NULL),
 (867,'Hexham','',31,NULL,NULL),
 (868,'Morpeth','',31,NULL,NULL),
 (869,'Newbiggin by the Sea','',31,NULL,NULL),
 (870,'Ponteland','',31,NULL,NULL),
 (871,'Prudhoe','',31,NULL,NULL),
 (872,'Rothbury','',31,NULL,NULL),
 (873,'West Bedlington','',31,NULL,NULL),
 (874,'Wooler','',31,NULL,NULL),
 (875,'Arnold','',32,NULL,NULL),
 (876,'Beeston','',32,NULL,NULL),
 (877,'Bingham','',32,NULL,NULL),
 (878,'Bracebridge','',32,NULL,NULL),
 (879,'Bulwell','',32,NULL,NULL),
 (880,'Carlton','',32,NULL,NULL),
 (881,'Cotgrave','',32,NULL,NULL),
 (882,'East Retford','',32,NULL,NULL),
 (883,'Eastwood','',32,NULL,NULL),
 (884,'Harworth and Bircotes','',32,NULL,NULL),
 (885,'Hucknall','',32,NULL,NULL),
 (886,'Kilton','',32,NULL,NULL),
 (887,'Kimberley','',32,NULL,NULL),
 (888,'Kirkby in Ashfield','',32,NULL,NULL),
 (889,'Mansfield','',32,NULL,NULL),
 (890,'Netherfield','',32,NULL,NULL),
 (891,'Newark on Trent','',32,NULL,NULL),
 (892,'Nottingham','',32,NULL,NULL),
 (893,'Ollerton','',32,NULL,NULL),
 (894,'Ollerton and Boughton','',32,NULL,NULL),
 (895,'Retford','',32,NULL,NULL),
 (896,'Southwell','',32,NULL,NULL),
 (897,'Stapleford','',32,NULL,NULL),
 (898,'Sutton in Ashfield','',32,NULL,NULL),
 (899,'Warsop','',32,NULL,NULL),
 (900,'West Bridgefield','',32,NULL,NULL),
 (901,'Worksop','',32,NULL,NULL),
 (902,'Abingdon','',33,NULL,NULL),
 (903,'Banbury','',33,NULL,NULL),
 (904,'Bicester','',33,NULL,NULL),
 (905,'Burford','',33,NULL,NULL),
 (906,'Carterton','',33,NULL,NULL),
 (907,'Charlbury','',33,NULL,NULL),
 (908,'Chipping Norton','',33,NULL,NULL),
 (909,'Didcot','',33,NULL,NULL),
 (910,'Dorchester','',33,NULL,NULL),
 (911,'Faringdon','',33,NULL,NULL),
 (912,'Henley on Thames','',33,NULL,NULL),
 (913,'Neithrop','',33,NULL,NULL),
 (914,'Oxford','',33,NULL,NULL),
 (915,'Ruscote','',33,NULL,NULL),
 (916,'Thame','',33,NULL,NULL),
 (917,'Wallingford','',33,NULL,NULL),
 (918,'Wantage','',33,NULL,NULL),
 (919,'Watlington','',33,NULL,NULL),
 (920,'Weston Otmoor','',33,NULL,NULL),
 (921,'Witney','',33,NULL,NULL),
 (922,'Woodstock','',33,NULL,NULL),
 (923,'Oakham','',34,NULL,NULL),
 (924,'Uppingham','',34,NULL,NULL),
 (925,'Bishop''s Castle','',35,NULL,NULL),
 (926,'Bridgnorth','',35,NULL,NULL),
 (927,'Broseley','',35,NULL,NULL),
 (928,'Church Stretton','',35,NULL,NULL),
 (929,'Cleobury Mortimer','',35,NULL,NULL),
 (930,'Clun','',35,NULL,NULL),
 (931,'Craven Arms','',35,NULL,NULL),
 (932,'Dawley','',35,NULL,NULL),
 (933,'Ellesmere','',35,NULL,NULL),
 (934,'Ludlow','',35,NULL,NULL),
 (935,'Madeley','',35,NULL,NULL),
 (936,'Market Drayton','',35,NULL,NULL),
 (937,'Much Wenlock','',35,NULL,NULL),
 (938,'Newport','',35,NULL,NULL),
 (939,'Oakengates','',35,NULL,NULL),
 (940,'Oswestry','',35,NULL,NULL),
 (941,'Shifnal','',35,NULL,NULL),
 (942,'Shrewsbury','',35,NULL,NULL),
 (943,'Telford','',35,NULL,NULL),
 (944,'Wellington','',35,NULL,NULL),
 (945,'Wem','',35,NULL,NULL),
 (946,'Whitchurch','',35,NULL,NULL),
 (947,'Axbridge','',36,NULL,NULL),
 (948,'Bath','',36,NULL,NULL),
 (949,'Bridgwater','',36,NULL,NULL),
 (950,'Bruton','',36,NULL,NULL),
 (951,'Burnham on Sea','',36,NULL,NULL),
 (952,'Castle Cary','',36,NULL,NULL),
 (953,'Chard','',36,NULL,NULL),
 (954,'Clevedon','',36,NULL,NULL),
 (955,'Crewkerne','',36,NULL,NULL),
 (956,'Dulverton','',36,NULL,NULL),
 (957,'Frome','',36,NULL,NULL),
 (958,'Glastonbury','',36,NULL,NULL),
 (959,'Highbridge','',36,NULL,NULL),
 (960,'Ilminster','',36,NULL,NULL),
 (961,'Keynsham','',36,NULL,NULL),
 (962,'Langport','',36,NULL,NULL),
 (963,'Midsomer Norton','',36,NULL,NULL),
 (964,'Minehead','',36,NULL,NULL),
 (965,'Nailsea','',36,NULL,NULL),
 (966,'North Petherton','',36,NULL,NULL),
 (967,'Norton Radstock','',36,NULL,NULL),
 (968,'Portishead','',36,NULL,NULL),
 (969,'Portishead and North Weston','',36,NULL,NULL),
 (970,'Radstock','',36,NULL,NULL),
 (971,'Shepton Mallet','',36,NULL,NULL),
 (972,'Somerton','',36,NULL,NULL),
 (973,'South Petherton','',36,NULL,NULL),
 (974,'Street','',36,NULL,NULL),
 (975,'Taunton','',36,NULL,NULL),
 (976,'Watchet','',36,NULL,NULL),
 (977,'Wellington','',36,NULL,NULL),
 (978,'Wells','',36,NULL,NULL),
 (979,'Weston super Mare','',36,NULL,NULL),
 (980,'Wincanton','',36,NULL,NULL),
 (981,'Winsford','',36,NULL,NULL),
 (982,'Wiveliscombe','',36,NULL,NULL),
 (983,'Yeovil','',36,NULL,NULL),
 (984,'Anston','',37,NULL,NULL),
 (985,'Askern','',37,NULL,NULL),
 (986,'Barnsley','',37,NULL,NULL),
 (987,'Bawtry','',37,NULL,NULL),
 (988,'Brierley','',37,NULL,NULL),
 (989,'Conisbrough','',37,NULL,NULL),
 (990,'Dinnington','',37,NULL,NULL),
 (991,'Doncaster','',37,NULL,NULL),
 (992,'Edlington','',37,NULL,NULL),
 (993,'Hatfield','',37,NULL,NULL),
 (994,'Hoyland','',37,NULL,NULL),
 (995,'Maltby','',37,NULL,NULL),
 (996,'Mexborough','',37,NULL,NULL),
 (997,'Penistone','',37,NULL,NULL),
 (998,'Rotherham','',37,NULL,NULL),
 (999,'Sheffield','',37,NULL,NULL),
 (1000,'Stainforth','',37,NULL,NULL),
 (1001,'Stocksbridge','',37,NULL,NULL),
 (1002,'Swinton','',37,NULL,NULL),
 (1003,'Thorne','',37,NULL,NULL),
 (1004,'Tickhill','',37,NULL,NULL),
 (1005,'Wath upon Dearne','',37,NULL,NULL),
 (1006,'Wombwell','',37,NULL,NULL),
 (1007,'Alton','',38,NULL,NULL),
 (1008,'Biddulph','',38,NULL,NULL),
 (1009,'Burntwood','',38,NULL,NULL),
 (1010,'Burslem','',38,NULL,NULL),
 (1011,'Burton upon Trent','',38,NULL,NULL),
 (1012,'Cannock','',38,NULL,NULL),
 (1013,'Cheadle','',38,NULL,NULL),
 (1014,'Eccleshall','',38,NULL,NULL),
 (1015,'Fazeley','',38,NULL,NULL),
 (1016,'Fenton','',38,NULL,NULL),
 (1017,'Hednesford','',38,NULL,NULL),
 (1018,'Kidsgrove','',38,NULL,NULL),
 (1019,'Leek','',38,NULL,NULL),
 (1020,'Lichfield','',38,NULL,NULL),
 (1021,'Longton','',38,NULL,NULL),
 (1022,'Newcastle under Lyme','',38,NULL,NULL),
 (1023,'Penkridge','',38,NULL,NULL),
 (1024,'Perry Crofts','',38,NULL,NULL),
 (1025,'Rugeley','',38,NULL,NULL),
 (1026,'Stafford','',38,NULL,NULL),
 (1027,'Stoke on Trent','',38,NULL,NULL),
 (1028,'Stone','',38,NULL,NULL),
 (1029,'Tamworth','',38,NULL,NULL),
 (1030,'Tunstall','',38,NULL,NULL),
 (1031,'Uttoxeter','',38,NULL,NULL),
 (1032,'Aldeburgh','',39,NULL,NULL),
 (1033,'Beccles','',39,NULL,NULL),
 (1034,'Brandon','',39,NULL,NULL),
 (1035,'Bungay','',39,NULL,NULL),
 (1036,'Bury St Edmunds','',39,NULL,NULL),
 (1037,'Carlton Colville','',39,NULL,NULL),
 (1038,'Clare','',39,NULL,NULL),
 (1039,'Dommoc','',39,NULL,NULL),
 (1040,'Dunwich','',39,NULL,NULL),
 (1041,'Eye','',39,NULL,NULL),
 (1042,'Felixstowe','',39,NULL,NULL),
 (1043,'Framlingham','',39,NULL,NULL),
 (1044,'Hadleigh','',39,NULL,NULL),
 (1045,'Halesworth','',39,NULL,NULL),
 (1046,'Haverhill','',39,NULL,NULL),
 (1047,'Ipswich','',39,NULL,NULL),
 (1048,'Kesgrave','',39,NULL,NULL),
 (1049,'Leiston','',39,NULL,NULL),
 (1050,'Lowestoft','',39,NULL,NULL),
 (1051,'Mildenhall','',39,NULL,NULL),
 (1052,'Needham Market','',39,NULL,NULL),
 (1053,'Newmarket','',39,NULL,NULL),
 (1054,'Orford','',39,NULL,NULL),
 (1055,'Otley','',39,NULL,NULL),
 (1056,'Saxmundham','',39,NULL,NULL),
 (1057,'Southwold','',39,NULL,NULL),
 (1058,'Stowmarket','',39,NULL,NULL),
 (1059,'Sudbury','',39,NULL,NULL),
 (1060,'Woodbridge','',39,NULL,NULL),
 (1061,'Ashford','',40,NULL,NULL),
 (1062,'Beltchingley','',40,NULL,NULL),
 (1063,'Camberley','',40,NULL,NULL),
 (1064,'Chertsey','',40,NULL,NULL),
 (1065,'Croydon','',40,NULL,NULL),
 (1066,'Dorking','',40,NULL,NULL),
 (1067,'Egham','',40,NULL,NULL),
 (1068,'Epsom','',40,NULL,NULL),
 (1069,'Esher','',40,NULL,NULL),
 (1070,'Farnham','',40,NULL,NULL),
 (1071,'Godalming','',40,NULL,NULL),
 (1072,'Gomshall','',40,NULL,NULL),
 (1073,'Gratton','',40,NULL,NULL),
 (1074,'Great Brookham','',40,NULL,NULL),
 (1075,'Guildford','',40,NULL,NULL),
 (1076,'Haslemere','',40,NULL,NULL),
 (1077,'Horley','',40,NULL,NULL),
 (1078,'Kingston upon Thames','',40,NULL,NULL),
 (1079,'Leatherhead','',40,NULL,NULL),
 (1080,'Redhill','',40,NULL,NULL),
 (1081,'Reigate','',40,NULL,NULL),
 (1082,'Southwark','',40,NULL,NULL),
 (1083,'Staines upon Thames','',40,NULL,NULL),
 (1084,'Walton on Thames','',40,NULL,NULL),
 (1085,'Weybridge','',40,NULL,NULL),
 (1086,'Woking','',40,NULL,NULL),
 (1087,'Birtley','',41,NULL,NULL),
 (1088,'Blaydon on tyne','',41,NULL,NULL),
 (1089,'Cullercoats','',41,NULL,NULL),
 (1090,'Darsley Park','',41,NULL,NULL),
 (1091,'Dunston','',41,NULL,NULL),
 (1092,'Gateshead','',41,NULL,NULL),
 (1093,'Hetton','',41,NULL,NULL),
 (1094,'Houghton le Spring','',41,NULL,NULL),
 (1095,'Howdon','',41,NULL,NULL),
 (1096,'Jarrow','',41,NULL,NULL),
 (1097,'Killingworth','',41,NULL,NULL),
 (1098,'Little Benton','',41,NULL,NULL),
 (1099,'Longbenton','',41,NULL,NULL),
 (1100,'Low Fell','',41,NULL,NULL),
 (1101,'Newcastle upon Tyne','',41,NULL,NULL),
 (1102,'North Shields','',41,NULL,NULL),
 (1103,'Ryton','',41,NULL,NULL),
 (1104,'Sheriff Hill','',41,NULL,NULL),
 (1105,'South Shields','',41,NULL,NULL),
 (1106,'Sunderland','',41,NULL,NULL),
 (1107,'Tynemouth','',41,NULL,NULL),
 (1108,'Wallsend','',41,NULL,NULL),
 (1109,'Washington','',41,NULL,NULL),
 (1110,'Whitley Bay','',41,NULL,NULL),
 (1111,'Willington Quay','',41,NULL,NULL),
 (1112,'Windy Nook','',41,NULL,NULL),
 (1113,'Alcester','',42,NULL,NULL),
 (1114,'Atherstone','',42,NULL,NULL),
 (1115,'Bedworth','',42,NULL,NULL),
 (1116,'Coleshill','',42,NULL,NULL),
 (1117,'Henley in Arden','',42,NULL,NULL),
 (1118,'Kenilworth','',42,NULL,NULL),
 (1119,'Middle Quinton','',42,NULL,NULL),
 (1120,'Nuneaton','',42,NULL,NULL),
 (1121,'Royal Leamington Spa','',42,NULL,NULL),
 (1122,'Rugby','',42,NULL,NULL),
 (1123,'Shipston on Stour','',42,NULL,NULL),
 (1124,'Southam','',42,NULL,NULL),
 (1125,'Stratford upon Avon','',42,NULL,NULL),
 (1126,'Warwick','',42,NULL,NULL),
 (1127,'Whitnash','',42,NULL,NULL),
 (1128,'Aldridge','',43,NULL,NULL),
 (1129,'Bilston','',43,NULL,NULL),
 (1130,'Birmingham','',43,NULL,NULL),
 (1131,'Blackheath','',43,NULL,NULL),
 (1132,'Bloxwich','',43,NULL,NULL),
 (1133,'Brierley Hill','',43,NULL,NULL),
 (1134,'Brownhills','',43,NULL,NULL),
 (1135,'Coal Pool','',43,NULL,NULL),
 (1136,'Coseley','',43,NULL,NULL),
 (1137,'Coventry','',43,NULL,NULL),
 (1138,'Cradley Heath','',43,NULL,NULL),
 (1139,'Darlaston','',43,NULL,NULL),
 (1140,'Dudley','',43,NULL,NULL),
 (1141,'Fordbridge','',43,NULL,NULL),
 (1142,'Gornal','',43,NULL,NULL),
 (1143,'Halesowen','',43,NULL,NULL),
 (1144,'Lye','',43,NULL,NULL),
 (1145,'Moxley','',43,NULL,NULL),
 (1146,'Netherton','',43,NULL,NULL),
 (1147,'Oldbury','',43,NULL,NULL),
 (1148,'Pelsall','',43,NULL,NULL),
 (1149,'Rowley Regis','',43,NULL,NULL),
 (1150,'Sedgley','',43,NULL,NULL),
 (1151,'Smethwick','',43,NULL,NULL),
 (1152,'Solihull','',43,NULL,NULL),
 (1153,'Stourbridge','',43,NULL,NULL),
 (1154,'Sutton Coldfield','',43,NULL,NULL),
 (1155,'Tipton','',43,NULL,NULL),
 (1156,'Walsall','',43,NULL,NULL),
 (1157,'Wednesbury','',43,NULL,NULL),
 (1158,'Wednesfield','',43,NULL,NULL),
 (1159,'West Bromwich','',43,NULL,NULL),
 (1160,'Willenhall','',43,NULL,NULL),
 (1161,'Wolverhampton','',43,NULL,NULL),
 (1162,'Arundel','',44,NULL,NULL),
 (1163,'Bognor Regis','',44,NULL,NULL),
 (1164,'Burgess Hill','',44,NULL,NULL),
 (1165,'Chichester','',44,NULL,NULL),
 (1166,'Crawley','',44,NULL,NULL),
 (1167,'Cuckfield','',44,NULL,NULL),
 (1168,'East Grinstead','',44,NULL,NULL),
 (1169,'Haywards Heath','',44,NULL,NULL),
 (1170,'Horsham','',44,NULL,NULL),
 (1171,'Littlehampton','',44,NULL,NULL),
 (1172,'Midhurst','',44,NULL,NULL),
 (1173,'Petworth','',44,NULL,NULL),
 (1174,'Selsey','',44,NULL,NULL),
 (1175,'Shoreham by Sea','',44,NULL,NULL),
 (1176,'Southwick','',44,NULL,NULL),
 (1177,'Steyning','',44,NULL,NULL),
 (1178,'Worthing','',44,NULL,NULL),
 (1179,'Baildon','',45,NULL,NULL),
 (1180,'Batley','',45,NULL,NULL),
 (1181,'Bingley','',45,NULL,NULL),
 (1182,'Bradford','',45,NULL,NULL),
 (1183,'Brighouse','',45,NULL,NULL),
 (1184,'Castleford','',45,NULL,NULL),
 (1185,'Cleckheaton','',45,NULL,NULL),
 (1186,'Denholme','',45,NULL,NULL),
 (1187,'Dewsbury','',45,NULL,NULL),
 (1188,'Elland','',45,NULL,NULL),
 (1189,'Farsley','',45,NULL,NULL),
 (1190,'Featherstone','',45,NULL,NULL),
 (1191,'Garforth','',45,NULL,NULL),
 (1192,'Guiseley','',45,NULL,NULL),
 (1193,'Halifax','',45,NULL,NULL),
 (1194,'Hebden Bridge','',45,NULL,NULL),
 (1195,'Hebden Royd','',45,NULL,NULL),
 (1196,'Heckmondwike','',45,NULL,NULL),
 (1197,'Hemsworth','',45,NULL,NULL),
 (1198,'Holmfirth','',45,NULL,NULL),
 (1199,'Horsforth','',45,NULL,NULL),
 (1200,'Huddersfield','',45,NULL,NULL),
 (1201,'Ilkley','',45,NULL,NULL),
 (1202,'Keighley','',45,NULL,NULL),
 (1203,'Knottingley','',45,NULL,NULL),
 (1204,'Leeds','',45,NULL,NULL),
 (1205,'Meltham','',45,NULL,NULL),
 (1206,'Mirfield','',45,NULL,NULL),
 (1207,'Morley','',45,NULL,NULL),
 (1208,'Mytholmroyd','',45,NULL,NULL),
 (1209,'Normanton','',45,NULL,NULL),
 (1210,'Ossett','',45,NULL,NULL),
 (1211,'Otley','',45,NULL,NULL),
 (1212,'Pontefract','',45,NULL,NULL),
 (1213,'Pudsey','',45,NULL,NULL),
 (1214,'Rothwell','',45,NULL,NULL),
 (1215,'Shipley','',45,NULL,NULL),
 (1216,'Silsden','',45,NULL,NULL),
 (1217,'South Elmsall','',45,NULL,NULL),
 (1218,'South Kirkby and Moorthorpe','',45,NULL,NULL),
 (1219,'Sowerby Bridge','',45,NULL,NULL),
 (1220,'Todmorden','',45,NULL,NULL),
 (1221,'Wakefield','',45,NULL,NULL),
 (1222,'Wetherby','',45,NULL,NULL),
 (1223,'Yeadon','',45,NULL,NULL),
 (1224,'Amesbury','',46,NULL,NULL),
 (1225,'Bradford on Avon','',46,NULL,NULL),
 (1226,'Calne','',46,NULL,NULL),
 (1227,'Chippenham','',46,NULL,NULL),
 (1228,'Corsham','',46,NULL,NULL),
 (1229,'Cricklade','',46,NULL,NULL),
 (1230,'Devizes','',46,NULL,NULL),
 (1231,'Highworth','',46,NULL,NULL),
 (1232,'Ludgershall','',46,NULL,NULL),
 (1233,'Malmesbury','',46,NULL,NULL),
 (1234,'Marlborough','',46,NULL,NULL),
 (1235,'Melksham','',46,NULL,NULL),
 (1236,'Mere','',46,NULL,NULL),
 (1237,'Royal Wootton Bassett','',46,NULL,NULL),
 (1238,'Salisbury','',46,NULL,NULL),
 (1239,'Swindon','',46,NULL,NULL),
 (1240,'Tidworth','',46,NULL,NULL),
 (1241,'Tisbury','',46,NULL,NULL),
 (1242,'Trowbridge','',46,NULL,NULL),
 (1243,'Warminster','',46,NULL,NULL),
 (1244,'Westbury','',46,NULL,NULL),
 (1245,'Wilton','',46,NULL,NULL),
 (1246,'Bewdley','',47,NULL,NULL),
 (1247,'Bromsgrove','',47,NULL,NULL),
 (1248,'Droitwich Spa','',47,NULL,NULL),
 (1249,'Evesham','',47,NULL,NULL),
 (1250,'Great Malvern','',47,NULL,NULL),
 (1251,'Kidderminster','',47,NULL,NULL),
 (1252,'Malvern','',47,NULL,NULL),
 (1253,'Pershore','',47,NULL,NULL),
 (1254,'Redditch','',47,NULL,NULL),
 (1255,'Stourport on Severn','',47,NULL,NULL),
 (1256,'Tenbury Wells','',47,NULL,NULL),
 (1257,'Upton upon Severn','',47,NULL,NULL),
 (1258,'Worcester','',47,NULL,NULL),
 (1259,'Antrim','',48,NULL,NULL),
 (1260,'Ballycastle','',48,NULL,NULL),
 (1261,'Ballyclare','',48,NULL,NULL),
 (1262,'Ballymena','',48,NULL,NULL),
 (1263,'Ballymoney','',48,NULL,NULL),
 (1264,'Bushmills','',48,NULL,NULL),
 (1265,'Carrickfergus','',48,NULL,NULL),
 (1266,'Crumlin','',48,NULL,NULL),
 (1267,'Greenisland','',48,NULL,NULL),
 (1268,'Larne','',48,NULL,NULL),
 (1269,'Lisburn','',48,NULL,NULL),
 (1270,'Merville Garden Village','',48,NULL,NULL),
 (1271,'Newtownabbey','',48,NULL,NULL),
 (1272,'Portrush','',48,NULL,NULL),
 (1273,'Randalstown','',48,NULL,NULL),
 (1274,'Armagh','',49,NULL,NULL),
 (1275,'Craigavon','',49,NULL,NULL),
 (1276,'Lurgan','',49,NULL,NULL),
 (1277,'Markethill','',49,NULL,NULL),
 (1278,'Newry','',49,NULL,NULL),
 (1279,'Portadown','',49,NULL,NULL),
 (1280,'Ballynahinch','',50,NULL,NULL),
 (1281,'Banbridge','',50,NULL,NULL),
 (1282,'Bangor','',50,NULL,NULL),
 (1283,'Carryduff','',50,NULL,NULL),
 (1284,'Castlewellan','',50,NULL,NULL),
 (1285,'Comber','',50,NULL,NULL),
 (1286,'Donaghadee','',50,NULL,NULL),
 (1287,'Doromore','',50,NULL,NULL),
 (1288,'Downpatrick','',50,NULL,NULL),
 (1289,'Dundonald','',50,NULL,NULL),
 (1290,'Holywood','',50,NULL,NULL),
 (1291,'Kilkeel','',50,NULL,NULL),
 (1292,'Killyleagh','',50,NULL,NULL),
 (1293,'Lisburn','',50,NULL,NULL),
 (1294,'Newcastle','',50,NULL,NULL),
 (1295,'Newtownards','',50,NULL,NULL),
 (1296,'Portaferry','',50,NULL,NULL),
 (1297,'Rostrevor','',50,NULL,NULL),
 (1298,'Saintfield','',50,NULL,NULL),
 (1299,'Warrenpoint','',50,NULL,NULL),
 (1300,'Enniskillen','',51,NULL,NULL),
 (1301,'Lisnaskea','',51,NULL,NULL),
 (1302,'Coleraine','',52,NULL,NULL),
 (1303,'Derry','',52,NULL,NULL),
 (1304,'Limavady','',52,NULL,NULL),
 (1305,'Magherafelt','',52,NULL,NULL),
 (1306,'Portstewart','',52,NULL,NULL),
 (1307,'Castlederg','',53,NULL,NULL),
 (1308,'Clogher','',53,NULL,NULL),
 (1309,'Coalisland','',53,NULL,NULL),
 (1310,'Cookstown','',53,NULL,NULL),
 (1311,'Dungannon','',53,NULL,NULL),
 (1312,'Fintona','',53,NULL,NULL),
 (1313,'Fivemiletown','',53,NULL,NULL),
 (1314,'Omagh','',53,NULL,NULL),
 (1315,'Strabane','',53,NULL,NULL),
 (1316,'Aberdeen','',54,NULL,NULL),
 (1317,'Alford','',54,NULL,NULL),
 (1318,'Ballater','',54,NULL,NULL),
 (1319,'Banchory','',54,NULL,NULL),
 (1320,'Banff','',54,NULL,NULL),
 (1321,'Banff and Macduff','',54,NULL,NULL),
 (1322,'Blackburn','',54,NULL,NULL),
 (1323,'Boddam','',54,NULL,NULL),
 (1324,'Clerkhill','',54,NULL,NULL),
 (1325,'Ellon','',54,NULL,NULL),
 (1326,'Fraserburgh','',54,NULL,NULL),
 (1327,'Huntly','',54,NULL,NULL),
 (1328,'Insch','',54,NULL,NULL),
 (1329,'Inverbervie','',54,NULL,NULL),
 (1330,'Inverurie','',54,NULL,NULL),
 (1331,'Kemnay','',54,NULL,NULL),
 (1332,'Kintore','',54,NULL,NULL),
 (1333,'Laurencekirk','',54,NULL,NULL),
 (1334,'Macduff','',54,NULL,NULL),
 (1335,'Maud','',54,NULL,NULL),
 (1336,'Oldmeldrum','',54,NULL,NULL),
 (1337,'Peterhead','',54,NULL,NULL),
 (1338,'Portlethen','',54,NULL,NULL),
 (1339,'Portsoy','',54,NULL,NULL),
 (1340,'Red Cloak','',54,NULL,NULL),
 (1341,'Rosehearty','',54,NULL,NULL),
 (1342,'Stonehaven','',54,NULL,NULL),
 (1343,'Turriff','',54,NULL,NULL),
 (1344,'Westhill','',54,NULL,NULL),
 (1345,'Arbroath','',55,NULL,NULL),
 (1346,'Brechin','',55,NULL,NULL),
 (1347,'Carnoustie','',55,NULL,NULL),
 (1348,'Forfar','',55,NULL,NULL),
 (1349,'Kirriemuir','',55,NULL,NULL),
 (1350,'Monifieth','',55,NULL,NULL),
 (1351,'Montrose','',55,NULL,NULL),
 (1352,'Alloa','',56,NULL,NULL),
 (1353,'Alva','',56,NULL,NULL),
 (1354,'Clackmannan','',56,NULL,NULL),
 (1355,'Dollar','',56,NULL,NULL),
 (1356,'Menstrie','',56,NULL,NULL),
 (1357,'Tillicoultry','',56,NULL,NULL),
 (1358,'Tullibody','',56,NULL,NULL),
 (1359,'Annan','',57,NULL,NULL),
 (1360,'Castle Douglas','',57,NULL,NULL),
 (1361,'Dalbeattie','',57,NULL,NULL),
 (1362,'Dumfries','',57,NULL,NULL),
 (1363,'Gatehouse of Fleet','',57,NULL,NULL),
 (1364,'Gretna','',57,NULL,NULL),
 (1365,'Kelloholm','',57,NULL,NULL),
 (1366,'Kirkconnel','',57,NULL,NULL),
 (1367,'Kirkcudbright','',57,NULL,NULL),
 (1368,'Langholm','',57,NULL,NULL),
 (1369,'Lochmaben','',57,NULL,NULL),
 (1370,'Lockerbie','',57,NULL,NULL),
 (1371,'Moffat','',57,NULL,NULL),
 (1372,'Monreith','',57,NULL,NULL),
 (1373,'Newbridge Drive','',57,NULL,NULL),
 (1374,'Newton Stewart','',57,NULL,NULL),
 (1375,'Sanquhar','',57,NULL,NULL),
 (1376,'Stranraer','',57,NULL,NULL),
 (1377,'Thornhill','',57,NULL,NULL),
 (1378,'Wigtown','',57,NULL,NULL),
 (1379,'Dundee','',58,NULL,NULL),
 (1380,'Cockenzie and Port Seton','',59,NULL,NULL),
 (1381,'Dunbar','',59,NULL,NULL),
 (1382,'Haddington','',59,NULL,NULL),
 (1383,'Musselburgh','',59,NULL,NULL),
 (1384,'North Berwick','',59,NULL,NULL),
 (1385,'Prestonpans','',59,NULL,NULL),
 (1386,'Tranent','',59,NULL,NULL),
 (1387,'Edinburgh?','',60,NULL,NULL),
 (1388,'Airth','',61,NULL,NULL),
 (1389,'Bo''ness','',61,NULL,NULL),
 (1390,'Bonnybridge','',61,NULL,NULL),
 (1391,'Borrowstounness','',61,NULL,NULL),
 (1392,'Carron','',61,NULL,NULL),
 (1393,'Denny','',61,NULL,NULL),
 (1394,'Duniplace','',61,NULL,NULL),
 (1395,'Dunmore','',61,NULL,NULL),
 (1396,'Falkirk','',61,NULL,NULL),
 (1397,'Grahamston','',61,NULL,NULL),
 (1398,'Grangemouth','',61,NULL,NULL),
 (1399,'Larbert','',61,NULL,NULL),
 (1400,'Stenhousemuir','',61,NULL,NULL),
 (1401,'Anstruther','',62,NULL,NULL),
 (1402,'Auchtermuchty','',62,NULL,NULL),
 (1403,'Balcurvie','',62,NULL,NULL),
 (1404,'Ballingry','',62,NULL,NULL),
 (1405,'Benarty','',62,NULL,NULL),
 (1406,'Buckhaven','',62,NULL,NULL),
 (1407,'Burntisland','',62,NULL,NULL),
 (1408,'Collydean','',62,NULL,NULL),
 (1409,'Cowdenbeath','',62,NULL,NULL),
 (1410,'Crail','',62,NULL,NULL),
 (1411,'Cupar','',62,NULL,NULL),
 (1412,'Dalgety Bay','',62,NULL,NULL),
 (1413,'Dunfermline','',62,NULL,NULL),
 (1414,'Dysart','',62,NULL,NULL),
 (1415,'East Wemyss','',62,NULL,NULL),
 (1416,'Falkland','',62,NULL,NULL),
 (1417,'Glenrothes','',62,NULL,NULL),
 (1418,'Inverkeithing','',62,NULL,NULL),
 (1419,'Kelty','',62,NULL,NULL),
 (1420,'Kincardine','',62,NULL,NULL),
 (1421,'Kinghorn','',62,NULL,NULL),
 (1422,'Kinglassie','',62,NULL,NULL),
 (1423,'Kirkcaldy','',62,NULL,NULL),
 (1424,'Ladybank','',62,NULL,NULL),
 (1425,'Letham','',62,NULL,NULL),
 (1426,'Leuchars','',62,NULL,NULL),
 (1427,'Leven','',62,NULL,NULL),
 (1428,'Levenmouth','',62,NULL,NULL),
 (1429,'Lochgelly','',62,NULL,NULL),
 (1430,'Markinch','',62,NULL,NULL),
 (1431,'Methil','',62,NULL,NULL),
 (1432,'Newburgh','',62,NULL,NULL),
 (1433,'Newport on Tay','',62,NULL,NULL),
 (1434,'North Queensferry','',62,NULL,NULL),
 (1435,'Pitcoudie','',62,NULL,NULL),
 (1436,'Pittenweem','',62,NULL,NULL),
 (1437,'Rosyth','',62,NULL,NULL),
 (1438,'St Andrews','',62,NULL,NULL),
 (1439,'St Monans','',62,NULL,NULL),
 (1440,'Tayport','',62,NULL,NULL),
 (1441,'Woodhaven','',62,NULL,NULL),
 (1442,'Wormit','',62,NULL,NULL),
 (1443,'Alness','',63,NULL,NULL),
 (1444,'Aviemore','',63,NULL,NULL),
 (1445,'Brora','',63,NULL,NULL),
 (1446,'Cromarty','',63,NULL,NULL),
 (1447,'Dingwall','',63,NULL,NULL),
 (1448,'Dornoch','',63,NULL,NULL),
 (1449,'Fort William','',63,NULL,NULL),
 (1450,'Fortrose','',63,NULL,NULL),
 (1451,'Grantown on Spey','',63,NULL,NULL),
 (1452,'Invergordon','',63,NULL,NULL),
 (1453,'Inverlochy','',63,NULL,NULL),
 (1454,'Inverness','',63,NULL,NULL),
 (1455,'Kingussie','',63,NULL,NULL),
 (1456,'Mallaig','',63,NULL,NULL),
 (1457,'Nairn','',63,NULL,NULL),
 (1458,'Portree','',63,NULL,NULL),
 (1459,'Tain','',63,NULL,NULL),
 (1460,'Thurso','',63,NULL,NULL),
 (1461,'Ullapool','',63,NULL,NULL),
 (1462,'Wick','',63,NULL,NULL),
 (1463,'Bathgate','',64,NULL,NULL),
 (1464,'Dalkeith','',64,NULL,NULL),
 (1465,'Dunbar','',64,NULL,NULL),
 (1466,'Edinburgh','',64,NULL,NULL),
 (1467,'Haddington','',64,NULL,NULL),
 (1468,'Linlithgow','',64,NULL,NULL),
 (1469,'Loanhead','',64,NULL,NULL),
 (1470,'Musselburgh','',64,NULL,NULL),
 (1471,'North Berwick','',64,NULL,NULL),
 (1472,'Penicuik','',64,NULL,NULL),
 (1473,'Buckie','',65,NULL,NULL),
 (1474,'Cullen','',65,NULL,NULL),
 (1475,'Dufftown','',65,NULL,NULL),
 (1476,'Elgin','',65,NULL,NULL),
 (1477,'Forres','',65,NULL,NULL),
 (1478,'Keith','',65,NULL,NULL),
 (1479,'Lossiemouth','',65,NULL,NULL),
 (1480,'Aberfeldy','',66,NULL,NULL),
 (1481,'Auchterarder','',66,NULL,NULL),
 (1482,'Birnam','',66,NULL,NULL),
 (1483,'Blackford','',66,NULL,NULL),
 (1484,'Blair Atholl','',66,NULL,NULL),
 (1485,'Blairgowrie and Rattray','',66,NULL,NULL),
 (1486,'Bridge of Earn','',66,NULL,NULL),
 (1487,'Bridge of Tilt','',66,NULL,NULL),
 (1488,'Comrie','',66,NULL,NULL),
 (1489,'Coupar Angus','',66,NULL,NULL),
 (1490,'Crieff','',66,NULL,NULL),
 (1491,'Kinross','',66,NULL,NULL),
 (1492,'Perth','',66,NULL,NULL),
 (1493,'Pitlochry','',66,NULL,NULL),
 (1494,'Scone','',66,NULL,NULL),
 (1495,'Coldstream','',67,NULL,NULL),
 (1496,'Duns','',67,NULL,NULL),
 (1497,'Earlston','',67,NULL,NULL),
 (1498,'Eyemouth','',67,NULL,NULL),
 (1499,'Galashiels','',67,NULL,NULL),
 (1500,'Greenlaw','',67,NULL,NULL),
 (1501,'Hawick','',67,NULL,NULL),
 (1502,'Innerleithen','',67,NULL,NULL),
 (1503,'Jedburgh','',67,NULL,NULL),
 (1504,'Kelso','',67,NULL,NULL),
 (1505,'Lauder','',67,NULL,NULL),
 (1506,'Melrose','',67,NULL,NULL),
 (1507,'Newtown St Boswells','',67,NULL,NULL),
 (1508,'Peebles','',67,NULL,NULL),
 (1509,'Selkirk','',67,NULL,NULL),
 (1510,'Bridge of Allan','',68,NULL,NULL),
 (1511,'Callander','',68,NULL,NULL),
 (1512,'Doune','',68,NULL,NULL),
 (1513,'Dunblane','',68,NULL,NULL),
 (1514,'Stirling','',68,NULL,NULL),
 (1515,'Airdrie','',69,NULL,NULL),
 (1516,'Ayr','',69,NULL,NULL),
 (1517,'Barrhead','',69,NULL,NULL),
 (1518,'Bearsden','',69,NULL,NULL),
 (1519,'Bellshill','',69,NULL,NULL),
 (1520,'Biggar','',69,NULL,NULL),
 (1521,'Campbeltown','',69,NULL,NULL),
 (1522,'Carluke','',69,NULL,NULL),
 (1523,'Clydebank','',69,NULL,NULL),
 (1524,'Coatbridge','',69,NULL,NULL),
 (1525,'Cumbernauld','',69,NULL,NULL),
 (1526,'Dumbarton','',69,NULL,NULL),
 (1527,'Dunoon','',69,NULL,NULL),
 (1528,'East Kilbride','',69,NULL,NULL),
 (1529,'Glasgow','',69,NULL,NULL),
 (1530,'Gourock','',69,NULL,NULL),
 (1531,'Greenock','',69,NULL,NULL),
 (1532,'Hamilton','',69,NULL,NULL),
 (1533,'Helensburgh','',69,NULL,NULL),
 (1534,'Inveraray','',69,NULL,NULL),
 (1535,'Irvine','',69,NULL,NULL),
 (1536,'Johnstone','',69,NULL,NULL),
 (1537,'Kilbarchan','',69,NULL,NULL),
 (1538,'Kilmarnock','',69,NULL,NULL),
 (1539,'Kilwinning','',69,NULL,NULL),
 (1540,'Lanark','',69,NULL,NULL),
 (1541,'Largs','',69,NULL,NULL),
 (1542,'Lochgilphead','',69,NULL,NULL),
 (1543,'Maybole','',69,NULL,NULL),
 (1544,'Milngavie','',69,NULL,NULL),
 (1545,'Motherwell','',69,NULL,NULL),
 (1546,'Oban','',69,NULL,NULL),
 (1547,'Paisley','',69,NULL,NULL),
 (1548,'Prestwick','',69,NULL,NULL),
 (1549,'Rothesay','',69,NULL,NULL),
 (1550,'Rutherglen','',69,NULL,NULL),
 (1551,'Saltcoats','',69,NULL,NULL),
 (1552,'Tobermory','',69,NULL,NULL),
 (1553,'Troon','',69,NULL,NULL),
 (1554,'Armadale','',70,NULL,NULL),
 (1555,'Ballencrieff','',70,NULL,NULL),
 (1556,'Bathgate','',70,NULL,NULL),
 (1557,'Blackburn','',70,NULL,NULL),
 (1558,'Blackridge','',70,NULL,NULL),
 (1559,'Bridgend','',70,NULL,NULL),
 (1560,'Broxburn','',70,NULL,NULL),
 (1561,'East Calder','',70,NULL,NULL),
 (1562,'Linlithgow','',70,NULL,NULL),
 (1563,'Livingston','',70,NULL,NULL),
 (1564,'Stoneyburn','',70,NULL,NULL),
 (1565,'Whitburn','',70,NULL,NULL),
 (1566,'Kirkwall','',71,NULL,NULL),
 (1567,'Lerwick','',71,NULL,NULL),
 (1568,'Stornoway','',71,NULL,NULL),
 (1569,'Amlwch','',72,NULL,NULL),
 (1570,'Beaumaris','',72,NULL,NULL),
 (1571,'Benllech','',72,NULL,NULL),
 (1572,'Holyhead','',72,NULL,NULL),
 (1573,'Llanfairpwllgwyngyll','',72,NULL,NULL),
 (1574,'Llangefni','',72,NULL,NULL),
 (1575,'Menai Bridge','',72,NULL,NULL),
 (1576,'Ammanford','',73,NULL,NULL),
 (1577,'Burry Port','',73,NULL,NULL),
 (1578,'Carmarthen','',73,NULL,NULL),
 (1579,'Garnant','',73,NULL,NULL),
 (1580,'Glanamman','',73,NULL,NULL),
 (1581,'Kidwelly','',73,NULL,NULL),
 (1582,'Laugharne','',73,NULL,NULL),
 (1583,'Llandeilo','',73,NULL,NULL),
 (1584,'Llandovery','',73,NULL,NULL),
 (1585,'Llanelli','',73,NULL,NULL),
 (1586,'Newcastle Emlyn','',73,NULL,NULL),
 (1587,'St Clears','',73,NULL,NULL),
 (1588,'Whitland','',73,NULL,NULL),
 (1589,'Aberaeron','',74,NULL,NULL),
 (1590,'Aberystwyth','',74,NULL,NULL),
 (1591,'Cardigan','',74,NULL,NULL),
 (1592,'Lampeter','',74,NULL,NULL),
 (1593,'Llandysul','',74,NULL,NULL),
 (1594,'New Quay','',74,NULL,NULL),
 (1595,'Tregaron','',74,NULL,NULL),
 (1596,'Abergele','',75,NULL,NULL),
 (1597,'Colwyn Bay','',75,NULL,NULL),
 (1598,'Conwy','',75,NULL,NULL),
 (1599,'Deganwy','',75,NULL,NULL),
 (1600,'Llandudno','',75,NULL,NULL),
 (1601,'Llandudno Junction','',75,NULL,NULL),
 (1602,'Llanfairfechan','',75,NULL,NULL),
 (1603,'Llanrwst','',75,NULL,NULL),
 (1604,'Old Colwyn','',75,NULL,NULL),
 (1605,'Penmaenmawr','',75,NULL,NULL),
 (1606,'Towyn','',75,NULL,NULL),
 (1607,'Carrog','',76,NULL,NULL),
 (1608,'Corwen','',76,NULL,NULL),
 (1609,'Denbigh','',76,NULL,NULL),
 (1610,'Gellifor','',76,NULL,NULL),
 (1611,'Llangollen','',76,NULL,NULL),
 (1612,'Prestatyn','',76,NULL,NULL),
 (1613,'Rhuddlan','',76,NULL,NULL),
 (1614,'Rhyl','',76,NULL,NULL),
 (1615,'Ruthin','',76,NULL,NULL),
 (1616,'St Asaph','',76,NULL,NULL),
 (1617,'Bagallit','',77,NULL,NULL),
 (1618,'Broughton','',77,NULL,NULL),
 (1619,'Buckley','',77,NULL,NULL),
 (1620,'Caerwys','',77,NULL,NULL),
 (1621,'Connah''s Quay','',77,NULL,NULL),
 (1622,'Ewole','',77,NULL,NULL),
 (1623,'Flint','',77,NULL,NULL),
 (1624,'Hawarden','',77,NULL,NULL),
 (1625,'Holywell','',77,NULL,NULL),
 (1626,'Mold','',77,NULL,NULL),
 (1627,'Queensferry','',77,NULL,NULL),
 (1628,'Saltney','',77,NULL,NULL),
 (1629,'Shotton','',77,NULL,NULL),
 (1630,'Abertillery','',78,NULL,NULL),
 (1631,'Blaina','',78,NULL,NULL),
 (1632,'Brynmawr','',78,NULL,NULL),
 (1633,'Cwmbran','',78,NULL,NULL),
 (1634,'Ebbw Vale','',78,NULL,NULL),
 (1635,'Newport','',78,NULL,NULL),
 (1636,'Tafarnaubach','',78,NULL,NULL),
 (1637,'Tredegar','',78,NULL,NULL),
 (1638,'Bala','',79,NULL,NULL),
 (1639,'Bangor','',79,NULL,NULL),
 (1640,'Barmouth','',79,NULL,NULL),
 (1641,'Beaumaris','',79,NULL,NULL),
 (1642,'Betws y Coed','',79,NULL,NULL),
 (1643,'Blaenau Ffestiniog','',79,NULL,NULL),
 (1644,'Caernarfon','',79,NULL,NULL),
 (1645,'Conwy','',79,NULL,NULL),
 (1646,'Criccieth','',79,NULL,NULL),
 (1647,'Dolgellau','',79,NULL,NULL),
 (1648,'Ffestiniog','',79,NULL,NULL),
 (1649,'Harlech','',79,NULL,NULL),
 (1650,'Holyhead','',79,NULL,NULL),
 (1651,'Llanberis','',79,NULL,NULL),
 (1652,'Llanfachreth','',79,NULL,NULL),
 (1653,'Nefyn','',79,NULL,NULL),
 (1654,'Porthmadog','',79,NULL,NULL),
 (1655,'Pwllheli','',79,NULL,NULL),
 (1656,'Tywyn','',79,NULL,NULL),
 (1657,'Y Felinheli','',79,NULL,NULL),
 (1658,'Aberdare','',80,NULL,NULL),
 (1659,'Bridgend','',80,NULL,NULL),
 (1660,'Caerphilly','',80,NULL,NULL),
 (1661,'Llantrisant','',80,NULL,NULL),
 (1662,'Maesteg','',80,NULL,NULL),
 (1663,'Merthyr Tydfil','',80,NULL,NULL),
 (1664,'Pontypridd','',80,NULL,NULL),
 (1665,'Porth','',80,NULL,NULL),
 (1666,'Porthcawl','',80,NULL,NULL),
 (1667,'Abergavenny','',81,NULL,NULL),
 (1668,'Caldicot','',81,NULL,NULL),
 (1669,'Chepstow','',81,NULL,NULL),
 (1670,'Monmouth','',81,NULL,NULL),
 (1671,'Usk','',81,NULL,NULL),
 (1672,'Fishguard','',82,NULL,NULL),
 (1673,'Goodwick','',82,NULL,NULL),
 (1674,'Hakin','',82,NULL,NULL),
 (1675,'Haverfordwest','',82,NULL,NULL),
 (1676,'Milford Haven','',82,NULL,NULL),
 (1677,'Narberth','',82,NULL,NULL),
 (1678,'Newport','',82,NULL,NULL),
 (1679,'Neyland','',82,NULL,NULL),
 (1680,'Pembroke','',82,NULL,NULL),
 (1681,'Pembroke Dock','',82,NULL,NULL),
 (1682,'St Davids','',82,NULL,NULL),
 (1683,'Tenby','',82,NULL,NULL),
 (1684,'Brecon','',83,NULL,NULL),
 (1685,'Builth Wells','',83,NULL,NULL),
 (1686,'Cefnllys','',83,NULL,NULL),
 (1687,'Crickhowell','',83,NULL,NULL),
 (1688,'Hay on Wye','',83,NULL,NULL),
 (1689,'Knighton','',83,NULL,NULL),
 (1690,'Llandrindod Wells','',83,NULL,NULL),
 (1691,'Llanfair Caereinion','',83,NULL,NULL),
 (1692,'Llanfyllin','',83,NULL,NULL),
 (1693,'Llangors','',83,NULL,NULL),
 (1694,'Llanidloes','',83,NULL,NULL),
 (1695,'Llanwrtyd Wells','',83,NULL,NULL),
 (1696,'Machynlleth','',83,NULL,NULL),
 (1697,'Montgomery','',83,NULL,NULL),
 (1698,'Newtown','',83,NULL,NULL),
 (1699,'Old Radnor','',83,NULL,NULL),
 (1700,'Presteigne','',83,NULL,NULL),
 (1701,'Rhayader','',83,NULL,NULL),
 (1702,'Talgarth','',83,NULL,NULL),
 (1703,'Welshpool','',83,NULL,NULL),
 (1704,'Barry','',84,NULL,NULL),
 (1705,'Cardiff','',84,NULL,NULL),
 (1706,'Cowbridge','',84,NULL,NULL),
 (1707,'Llantwit Major','',84,NULL,NULL),
 (1708,'Penarth','',84,NULL,NULL),
 (1709,'Gorseinon','',85,NULL,NULL),
 (1710,'Lliw Valey','',85,NULL,NULL),
 (1711,'Neath','',85,NULL,NULL),
 (1712,'Port Talbot','',85,NULL,NULL),
 (1713,'Swansea','',85,NULL,NULL),
 (1714,'Chirk','',86,NULL,NULL),
 (1715,'Overton on Dee','',86,NULL,NULL),
 (1716,'Rhosllannerchrugog','',86,NULL,NULL),
 (1717,'Rhosnesni','',86,NULL,NULL),
 (1718,'Wrexham','',86,NULL,NULL),
 (1721,'Cambridge','',5,52.1951,0.1313),
 (1722,'all','id is 1722',87,NULL,NULL);
INSERT INTO "wtf_venue" ("id","name","address1","address2","address3","postcode","latitude","longtitude","disabledAccess","description","town_id") VALUES (1,'Beck Row Living Sober A Day At A Time','St John''s Church','St John''s St','Beck Row','IP28 8AA',52.3663,0.493018,1,'',1036),
 (2,'Cambridge','Ground Floor','St Luke''s Church Centre','Victoria Rd','CB4 3DZ',52.2156477,0.1169293,1,'',53),
 (3,'Addenbrookes','Addenbrookes Hospital','Hills Rd - Seminar Room 5 between F & G Wards. (Turn right at main reception','then left to lift for 5th Flr)','CB2 0QQ',52.1750602,0.1417227,1,'',53),
 (4,'Cambridge Cheddars Lane','Brickfields City Church','12-16 Cheddars Lane','','CB5 8LD',52.2122161,0.1456175,1,'',53),
 (5,'Cambridge Lunchtime','Downing Place United Reformed Church','Downing St','','CB2 3EL',52.2032,0.1228,1,'',53),
 (6,'Cambridge Lunchtime','Downing Place United Reformed Church','Downing St','','CB2 3EL',52.2032,0.12281,1,'',53),
 (7,'Cambridge Lunchtime','Downing Place United Reformed Church','Downing St','','CB2 3EL',52.20314,0.12261,1,'',53),
 (8,'Cambridge Lunchtime','Downing Place United Reformed Church','Downing St','','CB2 3EL',52.2032,0.1228,1,'',53),
 (9,'Cambridge Mens','Brickfields City Church','12-16 Cheddars Lane','','CB5 8LD',52.212171,0.145645,1,'',53),
 (10,'Cambridge Primary Purpose','Unitarian Church','2 Emmanual Rd','','CB1 1JW',52.20513,0.12601,1,'',53),
 (11,'Cambridge Primary Purpose Meditation','The Edge Caf','351 Mill Rd','','CB1 3DF',52.196722,0.1486798,1,'',53),
 (12,'Cambridge Road to Recovery','Cherry Hinton Baptist Church Family Centre','Fishers Ln','','CB1 9HR',52.18854,0.17588,1,'',53),
 (13,'Cambridge Step & Traditions','Wesley Church Centre','King St. Entrance from residents only car park.','','CB1 1LG',52.20716,0.125381,1,'',53),
 (14,'Cambridge Unitarian Beginners','Unitarian Church Hall','(corner of Victoria St & Emmanuel Rd).','','CB1 1JW',52.204999,0.127078,1,'',53),
 (15,'Cambridge Women','George Pateman Court Community Room','George Pateman Court','Tennison Rd','CB1 2FX',52.19566,0.13466,1,'',53),
 (16,'Cambridge Young People','Castle Street Methodist Church','Castle St (Entrance on St Peter''s St)','','CB3 0AH',52.21144,0.11365,1,'',53),
 (17,'Ely Discussion','The Old Dispensary','St Marys St','','CB7 4ER',52.399703,0.260244,1,'',55),
 (18,'Ely Steps & Traditions','Princess of Wales Hospital','off Lynn Rd','','CB6 1DN',52.413281,0.274958,1,'',55),
 (19,'Haverhill Daily Reflections','Flat 8 Strasbourg Sq (above Chippys Fish & Chip Shop)','','','CB9 0HR',52.084431,0.443876,1,'',1046),
 (20,'Huntingdon Brampton Recovery','St Mary Magdalene Church Hall','Church Rd','Brampton','PE28 4PF',52.3216717,-0.2188083,1,'',59),
 (21,'Huntingdon Godmanchester Living Sober','Rose & Crown Quaker Centre','48A Post St','Godmanchester','PE29 2AQ',52.3207983,-0.1757194,1,'',57),
 (22,'March Steps & Traditions','St John''s Church Hall','Station Rd (Queens St entrance)','','PE15 8SQ',52.558713,0.092278,1,'',60),
 (23,'Milton Free to Talk','Milton Community Centre','Off Coles Rd','','CB24 6WR',52.24018,0.16148,1,'',53),
 (24,'Newmarket As Bill Sees It','Newmarket District Scout Headquarters','Cardigan St','','CB8 8HZ',52.24155,0.40616,1,'',1053),
 (25,'Newmarket Living Sober','Newmarket Community Church','  Unit 11',' Studlands Park Ave',' CB8 7AU',52.2604355,0.389197599999989,1,'',1053),
 (26,'Newmarket Lunchtime As Bill Sees It','Newmarket Community Church','Unit 11','Studlands Park Ave','CB8 7AU',52.2604,0.38926,1,'',1053),
 (27,'Newmarket Steps & Traditions','Newmarket Community Church','Unit 11','Studlands Park Ave','CB8 7AU',52.2604,0.38926,1,'',1053),
 (28,'Peterborough As Bill Sees It','East Community Centre','Padholme Rd','','PE1 5EN',52.578815,-0.229997,1,'',62),
 (29,'Peterborough Big Book Study','St Andrew''s United Reformed Church','Ledbury Rd','','PE3 9RF',52.57954,-0.27484,1,'',62),
 (30,'Peterborough Daily Reflections','Aspire House','1st Floor','102-104 Bridge St','PE1 1DY',52.569475,-0.242206,1,'',62),
 (31,'Peterborough Daily Reflections','St Mary''s Church & Centre','New Rd','','PE1 1TT',52.57638,-0.23549,1,'',62),
 (32,'Peterborough Eastfield','East Community Centre','Padholme Rd','','PE1 5EN',52.578815,-0.229997,1,'',62),
 (33,'Peterborough Lunchtime Step & Tradition','Friends Meeting House','21 Thorpe Rd','Crescent Bridge','PE3 6AB',52.572243,-0.251443,1,'',62),
 (34,'Peterborough Main Share','St Pauls Church','The Triangle','Lincoln Rd','pE1 2PA',52.591274,-0.254074,1,'',62),
 (35,'Peterborough Mustard Seed Open Beginners','Church Hall','Fitzwilliam St','','PE1 2RX',52.5767924,-0.2427248,1,'',62),
 (36,'Peterborough Orton','Christ Church','1 Benstead','Orton Goldhay','PE2 5JJ',52.5415709,-0.3034566,1,'',62),
 (37,'Peterborough Share','East Community Centre','Padholme Rd','','PE1 5EN',52.578815,-0.229997,1,'',62),
 (38,'St Ives Daily Reflections','St Ives Free Church','Market Hill','','PE27 5AL',52.32299,-0.073103,1,'',65),
 (39,'St Ives Recovery','St Ives Free Church','Market Hill','','PE27 5AL',52.3229902,-0.0731026,1,'',65),
 (40,'St Neots Beginners','Church Room (by Brook St Car Park)','St Neots Parish Church of St Mary the Virgin','Church St','PE19 2BU',52.227804,-0.266026,1,'',66),
 (41,'St Neots Eaton Socon Big Book Study','Priory Centre','Priory Lane','','PE19 2BH',52.2287,-0.27241,1,'',66),
 (43,'St Neots Primary Purpose','St Mary''s Church','Great North Rd','Eaton Socon','PE19 8HL',52.216148,-0.289843,1,'',66),
 (44,'Whittlesey As Bill Sees It','Whittlesey Christian Church','23 Broad St','','PE7 1HA',52.557346,-0.13065,1,'',67),
 (45,'Wisbech Share','St Peters Church Hall','Church Terrace','','PE13 1HP',52.6635505,0.1605025,1,'',68),
 (49,'Barton Mills Progress Not Perfection','St Mary''s Church','(trailer buildng next to the church) Barton Mills','','IP28 6AP',52.335184,0.51882,1,'',1047),
 (50,'Bury St Edmunds As Bill Sees It','Oddfellows','85 Whiting St','','IP33 1NX',52.2441,0.71284,1,'',1036),
 (51,'Bury St Edmunds Big Book','Christ Church','Symonds Rd','Moreton Hall Estate','IP32 7EW',52.2452147,0.7426425,1,'',1036),
 (52,'Bury St Edmunds Share','Trinity Methodist Church','Brentgovel St.','','IP33 1EB',52.2462408,0.714130100000034,1,'',1036),
 (53,'Bury St Edmunds Step & Tradition','Oddfellows Hall','85 Whiting St','','IP33 1NX',52.244024,0.712973,1,'',1036),
 (54,'Bury St Edmunds We Are Not Saints','Wilcrofts Cafe','13 Brentgovel St','','IP33 1EB',52.24651,0.713647,1,'',1036),
 (55,'Clacton','St James Church Hall',' Tower Rd','',' CO15 1LE',51.787,1.14827,1,'',338),
 (56,'Clacton Afternoon','Open Road','132 Wellesley Rd','','CO15 3QD',51.79666,1.15301,1,'',338),
 (57,'Felixstowe','Christ Church','Grange Farm Ave','','IP11 2XD',51.96536,1.327039,1,'',1042),
 (58,'Felixstowe','Trinity Methodist Church','Hamilton Rd','','IP11 7AN',51.961951,1.351451,1,'',1042),
 (59,'Felixstowe','Christ Church','Grange Farm Avenue','','IP11 2XD',51.96536,1.327039,1,'',1042),
 (60,'Felixstowe Step','United Reformed Church','47 Orwell Rd','','IP11 7NZ',51.96126,1.34841,1,'',1042),
 (61,'Framlingham Two Thousand','Unitarian Meeting House','15 Bridge St','','IP13 9AJ',52.222516,1.342831,1,'',1043),
 (62,'Frinton Big Book','Number 4 Youth Centre',' Connaught Ave','',' CO13 9PW',51.8309,1.24579,1,'',345),
 (63,'Frinton-On-Sea','Frinton Parish Church',' Old Rd','',' CO13 9BX',51.8334791,1.2438703,1,'',345),
 (64,'Frinton-On-Sea','Frinton Parish Church','Old Rd','','CO13 9BX',51.8334791,1.2438703,1,'',345),
 (65,'Hadleigh','The Seminar Room','Hadleigh Library','29 High St','IP7 5AG',52.0425,0.95472,1,'',1044),
 (66,'Halesworth Back to Basics','St Edmunds Church','Church Farm Lane','','IP19 8SY',52.342091,1.499596,1,'',1045),
 (67,'Harwich & Dovercourt','Our Lady Queen of Heaven RC Church Hall','129 Fronks Rd','','CO12 4EF',51.9315809,1.2656118,1,'',351),
 (68,'Ipswich','St John''s United Reformed Church',' 1 Cowper St','',' IP4 5JD',52.058792,1.185943,1,'',1047),
 (69,'Ipswich Bentley','Bentley Village Hall',' Capel Rd','',' IP9 2DW',51.9901576,1.0702751,1,'',1047),
 (70,'Ipswich Big Book','Museum St Methodist Church',' Black Horse Lane entrance ','',' IP1 2EF',52.0577765,1.1491472,1,'',1047),
 (71,'Ipswich Bolton Lane','Oak Rm (upstairs) St Margaret''s Church Centre',' Bolton Ln','',' IP4 2BT',52.0603691,1.1594705,1,'',1047),
 (72,'Ipswich Bolton Lane','Oak Rm (upstairs) St Margaret''s Church Centre',' Bolton Lane ','',' IP4 2BT',52.060369,1.15947,1,'',1047),
 (73,'Ipswich Bolton Lane Topic','Oak Rm (upstairs) St Margaret''s Church Centre','22  Bolton Lane ','',' IP4 2BT',52.060369,1.15947,1,'',1047),
 (74,'Ipswich Feelings','YMCA',' 2 Wellington St','',' IP1 2NU',52.063619,1.139855,1,'',1047),
 (75,'Ipswich Just for Today Lunchtime','Oak Rm (upstairs) St Margaret''s Church Centre',' Bolton Ln','',' IP4 2BT',52.060369,1.15947,1,'',1047),
 (76,'Ipswich Living Sober','Greenfinch Church',' Greenfinch Ave','',' IP2 0SQ',52.0457564,1.112585,1,'',1047),
 (77,'Ipswich Lunchtime','Oak Rm (upstairs) St Margaret''s Church Centre',' Bolton Ln','',' IP4 2BT',52.0603691,1.1594705,1,'',1047),
 (78,'Ipswich Lunchtime Share','Oak Rm (upstairs) St Margaret''s Church Centre',' Bolton Lane','',' IP4 2BT',52.060369,1.15947,1,'',1047),
 (79,'Ipswich One Step at a Time','Greenfinch Church','Greenfinch Ave','','IP2 0SQ',52.0456936,1.112585,1,'',1047),
 (80,'Leiston','United Reform Methodist Church','High St','','IP16 4EL',52.2065369,1.57757839,1,'',1049),
 (81,'Newmarket','All Saints'' Church','All Saints'' Rd','','CB8 8BN',52.2430464,0.4064897,1,'',1053),
 (82,'Southwold','Stella Peskett Millennium Hall','Mights Rd','','IP18 6BE',52.3320815,1.6750793,1,'',1057),
 (83,'Stowmarket Big Book','Stowmarket Community Centre','Hillside','','IP14 2BD',52.17705,0.99754,1,'',1058),
 (84,'Sudbury Morning Freedom','The Christopher Centre','10 Gainsborough St','','CO10 2EU',52.0381682,0.7275541,1,'',1059),
 (85,'Woodbridge','Methodist Church','St John St','','IP12 1ED',52.095,1.32026,1,'',1060),
 (86,'Woodbridge','Methodist Church','St John''s St','','IP12 1ED',52.095,1.32026,1,'',1060),
 (87,'Woodbridge Big Book','Methodist Church','St John Street','','IP12 1ED',52.0947413,1.3204267,1,'',1060),
 (88,'Woodbridge Just For Today','Methodist Church','St Johns Street','','IP12 1ED',52.0947413,1.3204267,1,'',1060),
 (89,'Woodbridge Meditation','St John''s Methodist Church','St John''s St','','IP12 1ED',52.0947413,1.3204267,1,'',1060),
 (90,'Woodbridge Morning Step & Meditation','St John''s Methodist Church','St John''s St','','IP12 1ED',52.094741,1.320427,1,'',1060),
 (92,'Ipswich A Bridge to Normal Living Online','https://zoom.us/j/97901724691','','',' ',NULL,NULL,1,'',1047);
INSERT INTO "wtf_ig" ("id","name","description","region_id") VALUES (1,'Fenland','',1),
 (2,'South Anglia','',1),
 (3,'North Anglia','',1);
INSERT INTO "wtf_group" ("id","name","description","ig_id") VALUES (2,'Beck Row Living Sober A Day At A Time','',1),
 (3,'Cambridge','',1),
 (4,'Addenbrookes','',1),
 (5,'Cambridge Cheddars Lane','',1),
 (6,'Cambridge Lunchtime','',1),
 (7,'Cambridge Lunchtime','',1),
 (8,'Cambridge Lunchtime','',1),
 (9,'Cambridge Lunchtime','',1),
 (10,'Cambridge Mens','',1),
 (11,'Cambridge Primary Purpose','',1),
 (12,'Cambridge Primary Purpose Meditation','',1),
 (13,'Cambridge Road to Recovery','',1),
 (14,'Cambridge Step & Traditions','',1),
 (15,'Cambridge Unitarian Beginners','',1),
 (16,'Cambridge Women','',1),
 (17,'Cambridge Young People','',1),
 (18,'Ely Discussion','',1),
 (19,'Ely Steps & Traditions','',1),
 (20,'Haverhill Daily Reflections','',1),
 (21,'Huntingdon Brampton Recovery','',1),
 (22,'Huntingdon Godmanchester Living Sober','',1),
 (23,'March Steps & Traditions','',1),
 (24,'Milton Free to Talk','',1),
 (25,'Newmarket As Bill Sees It','',1),
 (26,'Newmarket Living Sober','',1),
 (27,'Newmarket Lunchtime As Bill Sees It','',1),
 (28,'Newmarket Steps & Traditions','',1),
 (29,'Peterborough As Bill Sees It','',1),
 (30,'Peterborough Big Book Study','',1),
 (31,'Peterborough Daily Reflections','',1),
 (32,'Peterborough Daily Reflections','',1),
 (33,'Peterborough Eastfield','',1),
 (34,'Peterborough Lunchtime Step & Tradition','',1),
 (35,'Peterborough Main Share','',1),
 (36,'Peterborough Mustard Seed Open Beginners','',1),
 (37,'Peterborough Orton','',1),
 (38,'Peterborough Share','',1),
 (39,'St Ives Daily Reflections','',1),
 (40,'St Ives Recovery','',1),
 (41,'St Neots Beginners','',1),
 (42,'St Neots Eaton Socon Big Book Study','',1),
 (43,'St Neots Eaton Socon Physical and Online','',1),
 (44,'St Neots Primary Purpose','',1),
 (45,'Whittlesey As Bill Sees It','',1),
 (46,'Wisbech Share','',1),
 (47,'Cambridge Freethinkers Online','',1),
 (48,'Cambridge Morning Big Book Study Online','',1),
 (49,'Cambridge Primary Purpose Online','',1),
 (50,'Barton Mills Progress Not Perfection','',2),
 (51,'Bury St Edmunds As Bill Sees It','',2),
 (52,'Bury St Edmunds Big Book','',2),
 (53,'Bury St Edmunds Share','',2),
 (54,'Bury St Edmunds Step & Tradition','',2),
 (55,'Bury St Edmunds We Are Not Saints','',2),
 (56,'Clacton','',2),
 (57,'Clacton Afternoon','',2),
 (58,'Felixstowe','',2),
 (59,'Felixstowe','',2),
 (60,'Felixstowe','',2),
 (61,'Felixstowe Step','',2),
 (62,'Framlingham Two Thousand','',2),
 (63,'Frinton Big Book','',2),
 (64,'Frinton-On-Sea','',2),
 (65,'Frinton-On-Sea','',2),
 (66,'Hadleigh','',2),
 (67,'Halesworth Back to Basics','',2),
 (68,'Harwich & Dovercourt','',2),
 (69,'Ipswich','',2),
 (70,'Ipswich Bentley','',2),
 (71,'Ipswich Big Book','',2),
 (72,'Ipswich Bolton Lane','',2),
 (73,'Ipswich Bolton Lane','',2),
 (74,'Ipswich Bolton Lane Topic','',2),
 (75,'Ipswich Feelings','',2),
 (76,'Ipswich Just for Today Lunchtime','',2),
 (77,'Ipswich Living Sober','',2),
 (78,'Ipswich Lunchtime','',2),
 (79,'Ipswich Lunchtime Share','',2),
 (80,'Ipswich One Step at a Time','',2),
 (81,'Leiston','',2),
 (82,'Newmarket','',2),
 (83,'Southwold','',2),
 (84,'Stowmarket Big Book','',2),
 (85,'Sudbury Morning Freedom','',2),
 (86,'Woodbridge','',2),
 (87,'Woodbridge','',2),
 (88,'Woodbridge Big Book','',2),
 (89,'Woodbridge Just For Today','',2),
 (90,'Woodbridge Meditation','',2),
 (91,'Woodbridge Morning Step & Meditation','',2),
 (92,'Bury St Edmunds Daily Reflections Online','',2),
 (93,'Ipswich A Bridge to Normal Living Online','',2);
INSERT INTO "wtf_meeting" ("id","startTime","duration","description","group_id","venue_id","day") VALUES (1,'19:00:00',3600000000,'',2,1,5),
 (2,'19:45:00',0,'',3,2,4),
 (3,'19:30:00',3600000000,'',4,3,2),
 (4,'12:00:00',3600000000,'',5,4,6),
 (5,'12:00:00',3600000000,'',6,5,4),
 (6,'12:00:00',3600000000,'',7,6,2),
 (7,'12:00:00',3600000000,'',8,7,5),
 (8,'12:00:00',3600000000,'',9,8,6),
 (9,'19:00:00',3600000000,'',10,9,3),
 (10,'19:00:00',3600000000,'',11,10,2),
 (11,'19:15:00',3600000000,'',12,11,5),
 (12,'13:00:00',3600000000,'',13,12,7),
 (13,'19:15:00',3600000000,'',14,13,6),
 (14,'18:00:00',0,'',15,14,1),
 (15,'19:15:00',4500000000,'',16,15,3),
 (16,'19:15:00',3600000000,'',17,16,6),
 (17,'19:00:00',4500000000,'',18,17,1),
 (18,'19:45:00',4500000000,'',19,18,4),
 (19,'19:00:00',3600000000,'',20,19,5),
 (20,'20:00:00',0,'',21,20,6),
 (21,'19:30:00',5400000000,'',22,21,4),
 (22,'19:30:00',4500000000,'',23,22,3),
 (23,'19:00:00',3600000000,'',24,23,4),
 (24,'20:15:00',3600000000,'',25,24,4),
 (25,'13:00:00',3600000000,'',26,25,5),
 (26,'13:00:00',3600000000,'',27,26,2),
 (27,'20:00:00',5400000000,'',28,27,6),
 (28,'19:30:00',5400000000,'',29,28,4),
 (29,'18:00:00',4500000000,'',30,29,1),
 (30,'13:00:00',3600000000,'',31,30,6),
 (31,'10:00:00',3600000000,'',32,31,2),
 (32,'19:15:00',6300000000,'',33,32,3),
 (33,'12:00:00',5400000000,'',34,33,4),
 (34,'19:30:00',5400000000,'',35,34,5),
 (35,'10:15:00',4500000000,'',36,35,7),
 (36,'19:30:00',5400000000,'',37,36,3),
 (37,'19:15:00',5400000000,'',38,37,6),
 (38,'13:00:00',3600000000,'',39,38,5),
 (39,'19:45:00',5400000000,'',40,39,3),
 (40,'09:00:00',3600000000,'',41,40,7),
 (41,'20:00:00',4500000000,'',42,41,5),
 (43,'20:00:00',4500000000,'',44,43,4),
 (44,'19:30:00',5400000000,'',45,44,5),
 (45,'20:00:00',5400000000,'',46,45,4),
 (49,'19:00:00',3600000000,'',50,49,2),
 (50,'13:00:00',3600000000,'',51,50,6),
 (51,'19:30:00',5400000000,'',52,51,3),
 (52,'19:30:00',5400000000,'',53,52,5),
 (53,'18:00:00',5400000000,'',54,53,7),
 (54,'08:30:00',3600000000,'',55,54,1),
 (55,'20:00:00',5400000000,'',56,55,3),
 (56,'15:00:00',5400000000,'',57,56,1),
 (57,'19:00:00',3600000000,'',58,57,3),
 (58,'12:30:00',3600000000,'',59,58,4),
 (59,'19:00:00',3600000000,'',60,59,7),
 (60,'19:15:00',5400000000,'',61,60,2),
 (61,'19:30:00',5400000000,'',62,61,5),
 (62,'19:30:00',5400000000,'',63,62,2),
 (63,'20:00:00',3600000000,'',64,63,5),
 (64,'20:00:00',5400000000,'',65,64,6),
 (65,'20:00:00',5400000000,'',66,65,6),
 (66,'17:00:00',3600000000,'',67,66,1),
 (67,'20:00:00',5400000000,'',68,67,5),
 (68,'19:30:00',5400000000,'',69,68,4),
 (69,'20:00:00',3600000000,'',70,69,3),
 (70,'19:15:00',4500000000,'',71,70,2),
 (71,'12:30:00',5400000000,'',72,71,3),
 (72,'12:30:00',5400000000,'',73,72,4),
 (73,'12:30:00',5400000000,'',74,73,6),
 (74,'19:00:00',3600000000,'',75,74,7),
 (75,'12:30:00',5400000000,'',76,75,7),
 (76,'19:00:00',5400000000,'',77,76,1),
 (77,'12:30:00',5400000000,'',78,77,2),
 (78,'12:30:00',5400000000,'',79,78,5),
 (79,'19:30:00',5400000000,'',80,79,3),
 (80,'19:30:00',3600000000,'',81,80,2),
 (81,'20:00:00',5400000000,'',82,81,3),
 (82,'20:00:00',0,'',83,82,5),
 (83,'19:00:00',5400000000,'',84,83,3),
 (84,'11:00:00',5400000000,'',85,84,1),
 (85,'19:30:00',3600000000,'',86,85,6),
 (86,'19:30:00',5400000000,'',87,86,1),
 (87,'12:30:00',3600000000,'',88,87,5),
 (88,'12:30:00',3600000000,'',89,88,2),
 (89,'09:00:00',3600000000,'',90,89,7),
 (90,'08:00:00',3600000000,'',91,90,3),
 (92,'09:00:00',5400000000,'',93,92,2);
COMMIT;

